,username
0,reenamyers
1,chelfrich5
2,michaelrubin
3,kenanthompson
4,gabunion
5,devonfranklin
6,buddylove242
7,homemadepopup
8,jrubin_5
9,b.ivie
10,stroymoyd
11,underratedtour_
12,b.mcfly_
13,_tonyparker09
14,dezbryant
15,_alvo_
16,yusefwright
17,taylordeniseperry
18,gchopra
19,hashtagchad
20,tiffanyolevia
21,mchammer
22,fabbydavisjr1
23,p_lo
24,noleezy
25,quran_willbecuttingyou
26,getgritfit
27,tristanj22
28,wakaflocka
29,stationcdrkelly
30,inkyjohnsonmotivate
31,_stak5_
32,snaptravel
33,danrue
34,hausclothes
35,schivonnegom
36,cristiano
37,johnmallinger
38,zach_ballin30
39,diddy
40,jjrich2
41,kelleyjamesmusic
42,snoopdogg
43,the_footdoctor
44,jonasjerebko
45,the_cole.anthony
46,redsox
47,jessicaalba
48,palm
49,wessywes23
50,sabrina_i
51,bustarhymes
52,chamillionaire
53,e40
54,joelembiid
55,bobmenery
56,mrsdabney2u
57,kadenceorlando
58,iammiketodd
59,andymineo
60,trentarnold66
61,amandahaascooks
62,richkleiman
63,goodcarma17
64,playerstribune
65,neymarjr
66,teddyriner
67,mindykaling
68,madarabiedrina
69,sc30inc
70,willlowerygolf
71,nick_advocates4athletes
72,steverossiterdotcom
73,sethcurryfoundation
74,omarcarterr
75,anthony_joshua
76,barr_avery
77,manuginobili
78,jalen
79,coreynocco
80,thomasaharris
81,highsnobiety
82,niccolo
83,scottie.23
84,_bryanantoine
85,azzi35
86,omarwilkes
87,mw_and_the_youngbucks
88,devwright1
89,mpj
90,apgatour
91,murphhdawwg24
92,chargercharlie
93,princessmom2363
94,will_gordon
95,cam_dawson2
96,simpsonhoneysuckle
97,grayceeme
98,kingallico
99,hv3_golf
100,polarisslingshot
101,jackie_curry1014
102,callierivers
103,tally_machine
104,mrsilverscott
105,mrdrewscott
106,wardell5
107,coachbrandonpayne
108,keithbattle
109,keithwlai
110,kountrywayne
111,therealtank
112,rover
113,rapsody
114,domainecurrywine
115,memesforyourheadtop
116,filayyyy
117,nipseyhussle
118,qcook323
119,joshua1_jv
120,tbogues04
121,b.th0ma5
122,ijessewilliams
123,jessewelle
124,isaiahlwilliams
125,globallycurry30
126,chhtsnetwork
127,_jlyles
128,internationalsmoke
129,callawaygolf
130,peyton_james23
131,kellangrady31
132,jsmcmillan
133,quavohuncho
134,igb.king
135,willsmith
136,fullswingsimulators
137,rushlowj
138,access_medical
139,martinlawrence
140,michaeldapaah_
141,rudymancuso
142,solespace1
143,matt_barnes9
144,jordanclarksons
145,worldordinary
146,the_homie_b
147,dcharles8
148,lgp_qua
149,rogerfederer
150,djokernole
151,noahgphotos
152,tylerrelph10
153,jbell
154,mr_hotspot
155,createdbyjazmiyagi
156,t_a_k_i_f_i_t
157,sloanestephens
158,kevinplank_ua
159,jordanmccabe5
160,barackobama
161,ddotson_1
162,nickrouseygolf
163,tmoorewps
164,webdotcomtour
165,trackmangolf
166,theragun
167,kolbywayne
168,ocamilo
169,kevinlove
170,robmacnba
171,soulsonboard
172,celebritymagician
173,realcoleworld
174,tombrady
175,oliviamunn
176,sptguy33
177,bryantorwalt
178,quavo_nobugram
179,calik9
180,dami0nlee
181,brdavenport519
182,thechristishow
183,cecilystrong
184,snohalaia
185,kriswu
186,kabbenbock
187,iammontaellis
188,mac11
189,giannis_an34
190,zachlavine8
191,johnalex316
192,knightsknews
193,camronamboree30
194,jeronsmith
195,mavcarter
196,erikstonegolf
197,torreysmithwr
198,realjohngray
199,brysondechambeau
200,brice_butler
201,0ne0fone
202,rileyecurry
203,ryanccurry
204,everett_barr
205,tonyfinaugolf
206,derekcarrqb
207,smyliekaufman10
208,justinthomas34
209,uagolf
210,thesergiogarcia
211,twspot
212,melindacurrybanks
213,juicedageneral
214,themwoes
215,tgurley81
216,gomrecords
217,mikeirr
218,laureneliselineberger
219,kelenna7
220,jrue_holiday11
221,jhill76
222,jforsett
223,javalemcgee
224,ekpeudoh
225,daviddtss
226,clintirwin
227,blackandbluereview
228,big.wave.daf
229,asapmeeks03
230,nickdepaula
231,areesevanallen
232,imanshumpert
233,parisaocdesign
234,florali
235,nbamemes
236,coachup
237,dameology
238,zazapachulia
239,stephmoji
240,pmccaw0
241,andersonvarejao18
242,rocco.thompson
243,mychelthompson
244,flyght5
245,iclark21
246,itslaladaly
247,jovonmcclanahan
248,jadenmcclanahan0
249,markellefultz
250,josh_j11
251,toddjm1
252,golfpornofficial
253,henrikstenson
254,pgatour
255,rickiefowler
256,bubbawatson
257,djohnsonpga
258,jasondayofficial
259,jordanspieth
260,progolfswings
261,c_denny4
262,nigeldenny
263,scoobysk
264,longlivezae_
265,e.cou
266,prattprattpratt
267,charmedplayhouses
268,fbccbayarea
269,ginajamaica2007
270,greivisvasquez
271,futuretheprince
272,myfabolouslife
273,kaka
274,desmith4
275,houseofhighlights
276,no.chill.gil
277,basketballvines
278,sirr_peej
279,future
280,obj
281,swaggyp1
282,dloading
283,ballislife
284,bdotadot5
285,famouslos32
286,chefmichaelmina
287,jsc_20_
288,336.harrison
289,leomessi
290,bryceharper3
291,pattturn
292,rheina_ale
293,___raiiney
294,payhmg
295,thebeeranchers
296,iamhenroc
297,iamsquint
298,johnnyswim
299,amandasudanoramirez
300,iamkirbi
301,tfrmda.qc
302,rsherman25
303,your_sir
304,braden_fugate88
305,bakenine
306,d_jay11
307,lilbibby
308,q_boogi
309,nolimitbill
310,kobi_simmons2
311,jim_ice
312,datruthonduty
313,andresogward
314,sdlmotion
315,cassyathenaphoto
316,rickyharris5
317,officialwarriorsworld
318,mayoxmedia
319,de3zynochill
320,rosgo21
321,realgranthill
322,djskee
323,bleacherreport
324,coachcleiveadams
325,clay_myersii
326,myhomemadeshop
327,keithbgabriel
328,15_dachef
329,dennis3dscott
330,therock
331,footlocker
332,ludacris
333,mrdougellin
334,baddestchaplain
335,jenniferaaker
336,annapetes
337,manteomitchell
338,jamesmcadoo
339,bettinardigolf
340,l.smith23
341,cassyathena
342,linadarrisaw
343,themarcusharvey
344,icebox
345,therealtrarenee
346,monee_011
347,grahambensinger
348,jadennewman1
349,mistyonpointe
350,mannypacquiao
351,smoovwillyg
352,swinguapp
353,michaelyo
354,ucwhateyec
355,markjackson
356,emmanuelmudiay
357,guyfieri
358,therealmarkcurry
359,ndotsmitty
360,slamonline
361,kyle.oquinn
362,bkw34
363,backto90snba
364,jackgibbs
365,_kw15
366,td58
367,golfchannel
368,swincash
369,kyle_lowry7
370,demar_derozan
371,chethinks
372,jaypharoah
373,samir4gtg
374,r5l5w
375,byslr
376,reachrecords
377,alistair_mackay
378,omarcarterfoundation
379,johnlegend
380,jeremytyler4
381,greenranger14
382,rasheensmith
383,beyondthebuzzer
384,levellemoton
385,champagnepapi
386,nbcsnl
387,common
388,talibkweli
389,nbatv
390,marcjspears
391,2k
392,officialeastbay
393,mcuban
394,usabasketball
395,tylawson3
396,shaq
397,ericstonestreet
398,juliephayer
399,jonniewest4
400,mrphillwade
401,justholla7
402,gmeeks32
403,mjjenk
404,mjmariani16
405,rorymcilroy
406,sydelcurrylee
407,maximus.weideman
408,laurencescott
409,simon_says_so
410,soldbyrell
411,kicknit_
412,chandlerparsons
413,amareisreal
414,gq
415,cameron1newton
416,iamjamiefoxx
417,ronnie2k
418,d_dedmon3
419,cameron_brink
420,mbain1
421,activefaithsports
422,jfahey11
423,dspencenyc
424,brush_4
425,theblurbarbosa
426,klaythompson
427,nicholas.adams7
428,sirrichardnielsen
429,lamont_tory
430,jayrmallari
431,rstigall
432,igweee_1
433,tiffdurand
434,antdavis23
435,boogiecousins
436,kennethfaried35
437,ajones
438,rudygay
439,falcs.j
440,peezym13
441,carllentz
442,_nicholaas
443,alvin_gentry
444,carmeloanthony
445,johnwall
446,kyrieirving
447,mrsmiawright
448,shivanid305
449,williamluoni
450,garyland
451,mr._makeithappen
452,paugasol
453,stevenash
454,repostwhiz
455,wildgreggy
456,lanceyoung21
457,whogotgame
458,teivory1981
459,princessmom2323
460,mitchell24ballock
461,kirkdenise
462,jadande
463,dmarjones
464,theplayerschoice
465,bizzle
466,katieaustin
467,sdot1414
468,emoneymakeschanges
469,thej5show
470,dreamchaser_803
471,fairteacher
472,blatchhrvat
473,shoptradition
474,lp2132
475,ygtrece
476,kendricklamar
477,chrysachin
478,ishsmith5
479,brunomars
480,theofficialai3
481,justintimberlake
482,tysonchandler
483,jcs_steeelow
484,dpitts32
485,childishgambino
486,kelskickskill
487,mariaavana
488,myhazaire
489,ustheduo
490,brenda_curry531
491,mamckillop
492,mercedessafford
493,thomasander15
494,iambarondavis
495,nette_clarke
496,cclunie40
497,triplee116
498,pharrell
499,dee1music
500,atolliver44
501,sumercer
502,steverossiter23
503,susanmariebarr
504,donaldabarr
505,davidsonbasketball
506,clintsmithiii
507,bomeno
508,brendanwinters_
509,lecrae
510,patbev21
511,dwighthoward
512,jharden13
513,rj_dixon_esq
514,_erikagilbert
515,kingbach
516,nicekicks
517,kingjames
518,cjpaul14
519,solecollector
520,dwrightuno
521,nba
522,jarrettjack03
523,easymoneysniper
524,dwyanewade
525,therealmuggsy
526,russwest44
527,kevinhart4real
528,kobebryant
529,flightclub
530,philivey
531,naterobinson
532,andre
533,trayfour
534,letthelordbewithyou
535,tyrahperry
536,hbarnes
537,johnnasnellporcher
538,amazing_grace_is_enough
539,cleivea
540,chealcie
541,jlin7
542,kenziijones
543,jayycaee_
544,elonezero
545,thompsonscribe
546,sportscenter
547,nbacares
548,warriorstalk
549,tricia002
550,idanwan
551,davetelep
552,katefoley85
553,sacurry22
554,india_loves_phoenix
555,3rdeyenotblind
556,dd_jones
557,weslijones
558,dl_delish_is_back
559,yungfresh
560,24baze
561,leahjoeee
562,robinburns22
563,ajizzle725
564,willarchambault
565,panthers
566,jarodlatch
567,davidsoncollege
568,billvoth
569,molovedale
570,jimmyfallon
571,mehmetcancivi
572,davidsonwildcat
573,willyreigs20
574,jonathanstewar1
575,kgstoney
576,thejenkinsguy22
577,damianlillard
578,cp3
579,neda1624
580,jermaineoneal
581,rubymlopez
582,lgoodwin22
583,mspeights5
584,brittanymbarr
585,underarmour
586,uabasketball
587,anlovedale
588,marshonbrooks
589,laurenbiggers
590,eline37
591,lexsaffordxo
592,devontee_woe
593,ovomark
594,jazmiyagi
595,warriors
596,crgilbert
597,acchampionship
598,jake_cohen15
599,humble_hungry24
600,brmckillop
601,beallison
602,a2sfoundation
603,astor_aka_ac
604,chadaro
605,coseezy
606,jgtradition
607,money23green
608,dlee042
609,bryantabarr
610,brittcranston
611,sdotcurry
612,ayeshacurry
613,acceleratebball
