id,username,full_name,user_profile,followed_by_viewer,requested_by_viewer,user_follows,user_followed_by,profile_pic_url,profile_pic_url_hd,is_private,follows_count,followed_by_count,media_count,latestPostDate,follows_viewer,biography,is_verified
251128552,kristeningersoll,Kristen Ingersoll,https://www.instagram.com/kristeningersoll,FALSE,FALSE,TRUE,FALSE,https://scontent-ort2-2.cdninstagram.com/vp/b1efd9a5382566acf82e0520c3c8e764/5D31F9E2/t51.2885-19/11881858_1171528782863967_211848741_a.jpg?_nc_ht=scontent-ort2-2.cdninstagram.com,,,,,,,,,FALSE
5391715,_marty,Martin Kawika Saito,https://www.instagram.com/_marty,FALSE,FALSE,TRUE,FALSE,https://scontent-ort2-2.cdninstagram.com/vp/15c588d7a7986638fbb19aa527bc2f34/5D2FDE15/t51.2885-19/s150x150/18580007_1499721056715161_3759123194716356608_a.jpg?_nc_ht=scontent-ort2-2.cdninstagram.com,,,,,,,,,FALSE
181970930,danny_garza_,Daniela Garza,https://www.instagram.com/danny_garza_,FALSE,FALSE,TRUE,FALSE,https://scontent-ort2-2.cdninstagram.com/vp/02fe43fa013ccb4b850134c2404e24c9/5D4891D8/t51.2885-19/s150x150/44724356_1868768136553375_1309996262577143808_n.jpg?_nc_ht=scontent-ort2-2.cdninstagram.com,,,,,,,,,FALSE
671604855,ashleycheadle,,https://www.instagram.com/ashleycheadle,FALSE,FALSE,TRUE,FALSE,https://scontent-ort2-2.cdninstagram.com/vp/6573c07abdd7ad5afe7fd89e3b6cb247/5D33F0AC/t51.2885-19/s150x150/54247648_366177770659505_1234564563706314752_n.jpg?_nc_ht=scontent-ort2-2.cdninstagram.com,,,,,,,,,FALSE
1340448518,twinnies__1,Tahlz Bowie,https://www.instagram.com/twinnies__1,FALSE,FALSE,TRUE,FALSE,https://scontent-ort2-2.cdninstagram.com/vp/22c10c384d3f1f08ba2d94a3b82ac243/5D49C83E/t51.2885-19/s150x150/53513388_351181122151552_6531508843229216768_n.jpg?_nc_ht=scontent-ort2-2.cdninstagram.com,,,,,,,,,FALSE
527875944,twinnies__2,Aisha Rose 🏝🌺🐚,https://www.instagram.com/twinnies__2,FALSE,FALSE,TRUE,FALSE,https://scontent-ort2-2.cdninstagram.com/vp/7d59df5d8b41f314807e6b9b4b94e003/5D36015E/t51.2885-19/s150x150/44293387_1970944242944869_5453276446237655040_n.jpg?_nc_ht=scontent-ort2-2.cdninstagram.com,,,,,,,,,FALSE
1942980770,buia_gel,Ilan Gel 🌺🌴🐚,https://www.instagram.com/buia_gel,FALSE,FALSE,TRUE,FALSE,https://scontent-ort2-2.cdninstagram.com/vp/da45631cf7be855dd75159424939d8b1/5D3BCD18/t51.2885-19/s150x150/46975781_2345251902170170_4420161031423131648_n.jpg?_nc_ht=scontent-ort2-2.cdninstagram.com,,,,,,,,,FALSE
36997399,charleefraser,Charlee Fraser,https://www.instagram.com/charleefraser,FALSE,FALSE,TRUE,FALSE,https://scontent-ort2-2.cdninstagram.com/vp/f0f5322e51d51bd2b0a8b089876b7c76/5D407E04/t51.2885-19/s150x150/53190906_358682178066956_3516946434324692992_n.jpg?_nc_ht=scontent-ort2-2.cdninstagram.com,,,,,,,,,TRUE
145392247,boneybrooke,Brooke Boney,https://www.instagram.com/boneybrooke,FALSE,FALSE,TRUE,FALSE,https://scontent-ort2-2.cdninstagram.com/vp/652936f256968423d936cced52b2d822/5D2C5843/t51.2885-19/s150x150/43914310_482871748889172_7515229492734853120_n.jpg?_nc_ht=scontent-ort2-2.cdninstagram.com,,,,,,,,,FALSE
104943275,drewdatower,Drew Eubanks,https://www.instagram.com/drewdatower,FALSE,FALSE,TRUE,FALSE,https://scontent-ort2-2.cdninstagram.com/vp/d25560ca1e05ec17afea7ac5c449dce0/5D408174/t51.2885-19/s150x150/36492745_700772393602974_4470741345144668160_n.jpg?_nc_ht=scontent-ort2-2.cdninstagram.com,,,,,,,,,TRUE
257838811,mbeli21,Marco Belinelli,https://www.instagram.com/mbeli21,FALSE,FALSE,TRUE,FALSE,https://scontent-ort2-2.cdninstagram.com/vp/33f8ffb60ffe7bfc6646a3f19431b744/5D476845/t51.2885-19/s150x150/44858419_580802495723120_6949566348343115776_n.jpg?_nc_ht=scontent-ort2-2.cdninstagram.com,,,,,,,,,TRUE
20419703,djbadash,DJ Bᴀᴅ Asʜ (ᴀsʜʟᴇᴇ ᴡɪʟʟɪss),https://www.instagram.com/djbadash,FALSE,FALSE,TRUE,FALSE,https://scontent-ort2-2.cdninstagram.com/vp/68dcbb4beba4fa0b331e84cb020b6140/5D4CC995/t51.2885-19/s150x150/26071639_2043276805927115_136003047120699392_n.jpg?_nc_ht=scontent-ort2-2.cdninstagram.com,,,,,,,,,FALSE
49018916,jharalyowyeh5,jharalyowyeh5,https://www.instagram.com/jharalyowyeh5,FALSE,FALSE,TRUE,FALSE,https://scontent-ort2-2.cdninstagram.com/vp/a24ab37a8a6207f8cbc85290ba745846/5D3CE020/t51.2885-19/s150x150/53901030_159056571681315_2728197062171557888_n.jpg?_nc_ht=scontent-ort2-2.cdninstagram.com,,,,,,,,,TRUE
4128969154,muggeradancers,⚡️MUGGERA ⚡️,https://www.instagram.com/muggeradancers,FALSE,FALSE,TRUE,FALSE,https://scontent-ort2-2.cdninstagram.com/vp/20bd2694749335b13545513d75ac082a/5D430AF0/t51.2885-19/s150x150/16789706_614469145429390_2881278428269510656_a.jpg?_nc_ht=scontent-ort2-2.cdninstagram.com,,,,,,,,,FALSE
22790032,cort4short,Cortney Chesnut,https://www.instagram.com/cort4short,FALSE,FALSE,TRUE,FALSE,https://scontent-ort2-2.cdninstagram.com/vp/34963c953cc7b36651d4d1fddb7e3a41/5D4732F5/t51.2885-19/s150x150/46659733_2064436737180575_7278527827803111424_n.jpg?_nc_ht=scontent-ort2-2.cdninstagram.com,,,,,,,,,FALSE
211341645,drsalmonbreath,CULLY CHESNUT,https://www.instagram.com/drsalmonbreath,FALSE,FALSE,TRUE,FALSE,https://scontent-ort2-2.cdninstagram.com/vp/7635c2bb0f8e7bf0bcba5d39abbb9586/5D3F6C88/t51.2885-19/s150x150/53330896_309065779782479_4907973113276268544_n.jpg?_nc_ht=scontent-ort2-2.cdninstagram.com,,,,,,,,,FALSE
209657953,dwhite921,Derrick White,https://www.instagram.com/dwhite921,FALSE,FALSE,TRUE,FALSE,https://scontent-ort2-2.cdninstagram.com/vp/5f711f1a2df3555e2dec0894ae0bcfbc/5D39A3D7/t51.2885-19/s150x150/21878995_143587026247482_7902202970907869184_n.jpg?_nc_ht=scontent-ort2-2.cdninstagram.com,,,,,,,,,TRUE
1563260264,jakob,Jakob Poeltl,https://www.instagram.com/jakob,FALSE,FALSE,TRUE,FALSE,https://scontent-ort2-2.cdninstagram.com/vp/df6c2148e965617e2fabd9e8439cc873/5D2E88FE/t51.2885-19/s150x150/37064919_2121307781461715_8680170970125697024_n.jpg?_nc_ht=scontent-ort2-2.cdninstagram.com,,,,,,,,,TRUE
1619377249,raisedbythewaveshawaii,🌈 RAISED BY THE WAVES 🌈,https://www.instagram.com/raisedbythewaveshawaii,FALSE,FALSE,TRUE,FALSE,https://scontent-ort2-2.cdninstagram.com/vp/09b8334d44dec8fcad3e45bda5cf9917/5D474F2E/t51.2885-19/s150x150/50234429_363687621130407_8005743770442137600_n.jpg?_nc_ht=scontent-ort2-2.cdninstagram.com,,,,,,,,,FALSE
6175794066,makaithursdayisland,ma:kai,https://www.instagram.com/makaithursdayisland,FALSE,FALSE,TRUE,FALSE,https://scontent-ort2-2.cdninstagram.com/vp/46b2db49b3907408d951a4df8bd4650d/5D359883/t51.2885-19/s150x150/50606728_2174202586162521_872100548336156672_n.jpg?_nc_ht=scontent-ort2-2.cdninstagram.com,,,,,,,,,FALSE
3233720158,howsdisguy,Zavier Cummings,https://www.instagram.com/howsdisguy,FALSE,FALSE,TRUE,FALSE,https://scontent-ort2-2.cdninstagram.com/vp/e20c3623fedbc721a25aaf4759191bf6/5D32B83A/t51.2885-19/s150x150/20482255_516261415379312_3891227261935812608_a.jpg?_nc_ht=scontent-ort2-2.cdninstagram.com,,,,,,,,,FALSE
944778562,mezie,Chimezie Metu,https://www.instagram.com/mezie,FALSE,FALSE,TRUE,FALSE,https://scontent-ort2-2.cdninstagram.com/vp/4cdfa3e643051740caa8c7c90bd787de/5D3C15A7/t51.2885-19/s150x150/53801572_2098300356918407_6943307597445332992_n.jpg?_nc_ht=scontent-ort2-2.cdninstagram.com,,,,,,,,,TRUE
248674212,sanantoniomag,San Antonio Magazine,https://www.instagram.com/sanantoniomag,FALSE,FALSE,TRUE,FALSE,https://scontent-ort2-2.cdninstagram.com/vp/f3326c3f0a47316b44bed6b2d4b2e98c/5D2C09A7/t51.2885-19/s150x150/46592510_505829983236796_1186003588988534784_n.jpg?_nc_ht=scontent-ort2-2.cdninstagram.com,,,,,,,,,FALSE
208337849,ledanieljames,LeDANieL 👑💈eXCLuSiVe💈👑 LeMus,https://www.instagram.com/ledanieljames,FALSE,FALSE,TRUE,FALSE,https://scontent-ort2-2.cdninstagram.com/vp/c8ea7cfc81e89778618a56cfea1a1487/5D42F510/t51.2885-19/11856810_902775293149448_632360103_a.jpg?_nc_ht=scontent-ort2-2.cdninstagram.com,,,,,,,,,FALSE
2583238733,southtownsatx,SOUTHTOWN #SouthtownSATX,https://www.instagram.com/southtownsatx,FALSE,FALSE,TRUE,FALSE,https://scontent-ort2-2.cdninstagram.com/vp/10972b4dc44b15ef756a2c236be93a43/5D318523/t51.2885-19/s150x150/49933936_535067757012799_3412192843400216576_n.jpg?_nc_ht=scontent-ort2-2.cdninstagram.com,,,,,,,,,FALSE
187164151,dbertans_42,Dāvis Bertāns,https://www.instagram.com/dbertans_42,FALSE,FALSE,TRUE,FALSE,https://scontent-ort2-2.cdninstagram.com/vp/6fe649f07dc9f8e7ef48df61a03f3f05/5D41395C/t51.2885-19/s150x150/40212669_230835630924957_6028779850330800128_n.jpg?_nc_ht=scontent-ort2-2.cdninstagram.com,,,,,,,,,TRUE
1308579240,nickpescetto,Nick Pescetto,https://www.instagram.com/nickpescetto,FALSE,FALSE,TRUE,FALSE,https://scontent-ort2-2.cdninstagram.com/vp/1a310a5c3c0014a02f2e964eabc2c19b/5D43CE7D/t51.2885-19/s150x150/39582193_254392945283453_1882789851544158208_n.jpg?_nc_ht=scontent-ort2-2.cdninstagram.com,,,,,,,,,TRUE
6783254620,facesofthestraits,Faces of the Straits,https://www.instagram.com/facesofthestraits,FALSE,FALSE,TRUE,FALSE,https://scontent-ort2-2.cdninstagram.com/vp/bfcc9829608d7281e3476175a304aac6/5D315D9F/t51.2885-19/s150x150/26866046_190980248153378_1388986775644405760_n.jpg?_nc_ht=scontent-ort2-2.cdninstagram.com,,,,,,,,,FALSE
11522128,haleiwabowls,"NORTH SHORE, O'AHU, HAWAI'I",https://www.instagram.com/haleiwabowls,FALSE,FALSE,TRUE,FALSE,https://scontent-ort2-2.cdninstagram.com/vp/b27f466cb0271ccfb94e7f184bcc566a/5D4653AD/t51.2885-19/10865058_1649332161945794_228258840_a.jpg?_nc_ht=scontent-ort2-2.cdninstagram.com,,,,,,,,,FALSE
1503558810,johnny.suite,Johnny Suite,https://www.instagram.com/johnny.suite,FALSE,FALSE,TRUE,FALSE,https://scontent-ort2-2.cdninstagram.com/vp/ff8981d9e4e40f09da9de8e985c8cda6/5D2968A5/t51.2885-19/s150x150/54513800_316473585731580_2419548712142372864_n.jpg?_nc_ht=scontent-ort2-2.cdninstagram.com,,,,,,,,,FALSE
4785993,lauraluew,lauraluew,https://www.instagram.com/lauraluew,FALSE,FALSE,TRUE,FALSE,https://scontent-ort2-2.cdninstagram.com/vp/a440dbba2a8ee846b42a3022b9ff3a9d/5D426173/t51.2885-19/s150x150/40927898_233002074056240_3479154377137061888_n.jpg?_nc_ht=scontent-ort2-2.cdninstagram.com,,,,,,,,,FALSE
29780835,hawaiinewsnow,Hawaii News Now,https://www.instagram.com/hawaiinewsnow,FALSE,FALSE,TRUE,FALSE,https://scontent-ort2-2.cdninstagram.com/vp/4b779c60f92c3478074019d87179c0f0/5D40DEA8/t51.2885-19/s150x150/46180017_369032163666597_512885645660651520_n.jpg?_nc_ht=scontent-ort2-2.cdninstagram.com,,,,,,,,,TRUE
637418556,kobenona,Kobe Nona,https://www.instagram.com/kobenona,FALSE,FALSE,TRUE,FALSE,https://scontent-ort2-2.cdninstagram.com/vp/52685fbc87e644f31adb47a9af82da16/5D4B0B3A/t51.2885-19/s150x150/20987515_1280370252089180_8213504700192915456_a.jpg?_nc_ht=scontent-ort2-2.cdninstagram.com,,,,,,,,,FALSE
34392826,calmpost,Duke Morgan,https://www.instagram.com/calmpost,FALSE,FALSE,TRUE,FALSE,https://scontent-ort2-2.cdninstagram.com/vp/1dcf7da926c2013a7ed7dae74f79e3e7/5D35CB4C/t51.2885-19/s150x150/21147682_1121346068005382_7661853276719022080_a.jpg?_nc_ht=scontent-ort2-2.cdninstagram.com,,,,,,,,,FALSE
174008234,caityowen,Caity Owen,https://www.instagram.com/caityowen,FALSE,FALSE,TRUE,FALSE,https://scontent-ort2-2.cdninstagram.com/vp/cbeab43dfcd1993bce5e2e2fa04968c1/5D4E2ED3/t51.2885-19/s150x150/11809620_1171307816229149_322070228_a.jpg?_nc_ht=scontent-ort2-2.cdninstagram.com,,,,,,,,,FALSE
4600641,marissaeveland,Marissa,https://www.instagram.com/marissaeveland,FALSE,FALSE,TRUE,FALSE,https://scontent-ort2-2.cdninstagram.com/vp/1c5e0c9840f6eab9202cc3993fc2a5d5/5D2B726F/t51.2885-19/s150x150/30604721_190733814886144_1410377039923380224_n.jpg?_nc_ht=scontent-ort2-2.cdninstagram.com,,,,,,,,,FALSE
12846809,sammielz,SAMMIELZ,https://www.instagram.com/sammielz,FALSE,FALSE,TRUE,FALSE,https://scontent-ort2-2.cdninstagram.com/vp/b7174def83e7ae8182de2504a4f13dd4/5D43C37A/t51.2885-19/s150x150/45806874_357070491704965_4520699116241551360_n.jpg?_nc_ht=scontent-ort2-2.cdninstagram.com,,,,,,,,,FALSE
15214254,kehauai,Kehau Ai,https://www.instagram.com/kehauai,FALSE,FALSE,TRUE,FALSE,https://scontent-ort2-2.cdninstagram.com/vp/a202bdcfbf1988d8fb519a2449edcba7/5D3B0707/t51.2885-19/s150x150/53626495_2070615326320478_2125621912276041728_n.jpg?_nc_ht=scontent-ort2-2.cdninstagram.com,,,,,,,,,FALSE
1087854,cheyennekanani,🌺CHEYENNE KANANI,https://www.instagram.com/cheyennekanani,FALSE,FALSE,TRUE,FALSE,https://scontent-ort2-2.cdninstagram.com/vp/c07ee944292d281c477c89f522438153/5D44FDFD/t51.2885-19/10865050_413534495478865_795317731_a.jpg?_nc_ht=scontent-ort2-2.cdninstagram.com,,,,,,,,,FALSE
6818748,annikabbauer,🇩🇪Annika Bauer🇻🇳,https://www.instagram.com/annikabbauer,FALSE,FALSE,TRUE,FALSE,https://scontent-ort2-2.cdninstagram.com/vp/112d7450bce4eb783b0f17b52b2e4857/5D506836/t51.2885-19/s150x150/14583496_623426751176278_6560665056919420928_a.jpg?_nc_ht=scontent-ort2-2.cdninstagram.com,,,,,,,,,FALSE
390454369,jackreed3,Reedy,https://www.instagram.com/jackreed3,FALSE,FALSE,TRUE,FALSE,https://scontent-ort2-2.cdninstagram.com/vp/ada0a1784005e44f8dd936da9405ec37/5D409438/t51.2885-19/11245895_393203080868967_1897195280_a.jpg?_nc_ht=scontent-ort2-2.cdninstagram.com,,,,,,,,,FALSE
20744405,kirstycane,"Kirsty Cane, Australia",https://www.instagram.com/kirstycane,FALSE,FALSE,TRUE,FALSE,https://scontent-ort2-2.cdninstagram.com/vp/6f073af5eda6243ee8a10495bc30661e/5D40E3FB/t51.2885-19/s150x150/49466841_390418758201362_7676770604376129536_n.jpg?_nc_ht=scontent-ort2-2.cdninstagram.com,,,,,,,,,FALSE
3532669815,tyra_petersen,tYRa,https://www.instagram.com/tyra_petersen,FALSE,FALSE,TRUE,FALSE,https://scontent-ort2-2.cdninstagram.com/vp/f0d558816e5c0ff77824b192c4fbefd5/5D4CB30D/t51.2885-19/s150x150/50823773_296431727727409_4307407496974172160_n.jpg?_nc_ht=scontent-ort2-2.cdninstagram.com,,,,,,,,,FALSE
38165138,gabriel_xll,Gabriel Miller,https://www.instagram.com/gabriel_xll,FALSE,FALSE,TRUE,FALSE,https://scontent-ort2-2.cdninstagram.com/vp/1b8547b15479fd4f602bb9f11d790d52/5D4728E3/t51.2885-19/s150x150/50771817_2349112678657830_2128701798964264960_n.jpg?_nc_ht=scontent-ort2-2.cdninstagram.com,,,,,,,,,FALSE
6984596767,twelvenoonandmidnite,TWELVENOON & MIDNITE,https://www.instagram.com/twelvenoonandmidnite,FALSE,FALSE,TRUE,FALSE,https://scontent-ort2-2.cdninstagram.com/vp/6b394016ce734389e657f483bda45a66/5D49DF55/t51.2885-19/s150x150/47583068_238595983523693_2975343774034558976_n.jpg?_nc_ht=scontent-ort2-2.cdninstagram.com,,,,,,,,,FALSE
7413169519,ozindigenousbasketball,Oz Indigenous Basketball,https://www.instagram.com/ozindigenousbasketball,FALSE,FALSE,TRUE,FALSE,https://scontent-ort2-2.cdninstagram.com/vp/c2def219f5782426251df13f83c7b9df/5D315A06/t51.2885-19/s150x150/29414418_595582744121360_9222671540573700096_n.jpg?_nc_ht=scontent-ort2-2.cdninstagram.com,,,,,,,,,FALSE
315204717,guyala_lala,Guyala Bayles,https://www.instagram.com/guyala_lala,FALSE,FALSE,TRUE,FALSE,https://scontent-ort2-2.cdninstagram.com/vp/7e806feea4772191eb15fe07c70bd37f/5D3075D4/t51.2885-19/s150x150/54512068_322154285152016_3535889159950434304_n.jpg?_nc_ht=scontent-ort2-2.cdninstagram.com,,,,,,,,,FALSE
35876993,caseywiggins,Casey Wiggins,https://www.instagram.com/caseywiggins,FALSE,FALSE,TRUE,FALSE,https://scontent-ort2-2.cdninstagram.com/vp/c6daa6357e794e85d6be3a41874ac844/5D439598/t51.2885-19/s150x150/19227406_806027392906210_3872781841983340544_a.jpg?_nc_ht=scontent-ort2-2.cdninstagram.com,,,,,,,,,FALSE
255000112,leanne_croker,𝐿𝑒𝒶𝓃𝓃𝑒 𝒞𝓇𝑜𝓀𝑒𝓇 🌻,https://www.instagram.com/leanne_croker,FALSE,FALSE,TRUE,FALSE,https://scontent-ort2-2.cdninstagram.com/vp/41820f896174381b53e0bc5e9184f689/5D466773/t51.2885-19/s150x150/18514068_468659853472006_5575605262380695552_a.jpg?_nc_ht=scontent-ort2-2.cdninstagram.com,,,,,,,,,FALSE
1339673496,unclejackwatches,UNCLE JACK,https://www.instagram.com/unclejackwatches,FALSE,FALSE,TRUE,FALSE,https://scontent-ort2-2.cdninstagram.com/vp/2bb92100a44d2e23ef998f5cf7dc8c1b/5D3BCAE6/t51.2885-19/s150x150/38081035_253988671878135_427007516879093760_n.jpg?_nc_ht=scontent-ort2-2.cdninstagram.com,,,,,,,,,FALSE
2114815137,fijinswrlteam,Fiji NSW Cup Bid,https://www.instagram.com/fijinswrlteam,FALSE,FALSE,TRUE,FALSE,https://scontent-ort2-2.cdninstagram.com/vp/813ee1288b0c84ff49ebaae2a4f41475/5D43B729/t51.2885-19/s150x150/53489288_265169031079750_100721613065945088_n.jpg?_nc_ht=scontent-ort2-2.cdninstagram.com,,,,,,,,,FALSE
2865961499,lisha_saba,Alicia Sabatino🌸,https://www.instagram.com/lisha_saba,FALSE,FALSE,TRUE,FALSE,https://scontent-ort2-2.cdninstagram.com/vp/8f20372e5e50b93a9cd7977af353ae1b/5D47C1B4/t51.2885-19/s150x150/37417041_903296783188786_1590735352476205056_n.jpg?_nc_ht=scontent-ort2-2.cdninstagram.com,,,,,,,,,FALSE
143930877,nathan_florence,Nathan Florence,https://www.instagram.com/nathan_florence,FALSE,FALSE,TRUE,FALSE,https://scontent-ort2-2.cdninstagram.com/vp/7c75113cb9ba357b90ed2bb06333e2c3/5D43DEE1/t51.2885-19/s150x150/53383257_609724712773396_2388726295954456576_n.jpg?_nc_ht=scontent-ort2-2.cdninstagram.com,,,,,,,,,TRUE
289280114,_kalanibrown,,https://www.instagram.com/_kalanibrown,FALSE,FALSE,TRUE,FALSE,https://scontent-ort2-2.cdninstagram.com/vp/47272139a20988fb94b4e7df37737ab4/5D425512/t51.2885-19/s150x150/43394956_181500556100177_497082450933972992_n.jpg?_nc_ht=scontent-ort2-2.cdninstagram.com,,,,,,,,,FALSE
45531407,bigeye1,Justin,https://www.instagram.com/bigeye1,FALSE,FALSE,TRUE,FALSE,https://scontent-ort2-2.cdninstagram.com/vp/2bcd317b77759b9101f572475cd7480f/5D4A85E0/t51.2885-19/s150x150/49526022_932568036951423_1229417590862905344_n.jpg?_nc_ht=scontent-ort2-2.cdninstagram.com,,,,,,,,,FALSE
3904867844,travlrfijiandpacificislands,TRAVLR Fiji & Pacific Islands,https://www.instagram.com/travlrfijiandpacificislands,FALSE,FALSE,TRUE,FALSE,https://scontent-ort2-2.cdninstagram.com/vp/1766fe081b296d930698383598b55a98/5D3D3DA1/t51.2885-19/s150x150/29089245_1256849704449944_8378712403939950592_n.jpg?_nc_ht=scontent-ort2-2.cdninstagram.com,,,,,,,,,FALSE
1174292949,ridethetidesup,Ride The Tide Paddle Board Co.,https://www.instagram.com/ridethetidesup,FALSE,FALSE,TRUE,FALSE,https://scontent-ort2-2.cdninstagram.com/vp/ac2c1854d70a5c018ba1bb82c5699377/5D384EF6/t51.2885-19/s150x150/47454192_575211312903453_6649680023655546880_n.jpg?_nc_ht=scontent-ort2-2.cdninstagram.com,,,,,,,,,FALSE
7199116,australia,Australia,https://www.instagram.com/australia,FALSE,FALSE,TRUE,FALSE,https://scontent-ort2-2.cdninstagram.com/vp/2943508d644cb6b16558421cb1066cc6/5D31D95E/t51.2885-19/s150x150/12277606_594027574081257_1015364507_a.jpg?_nc_ht=scontent-ort2-2.cdninstagram.com,,,,,,,,,TRUE
4345164929,bzlbum.thundercat,#kamudavis,https://www.instagram.com/bzlbum.thundercat,FALSE,FALSE,TRUE,FALSE,https://scontent-ort2-2.cdninstagram.com/vp/0cb2527586fff312a4d109ffde23733a/5D4AF0F4/t51.2885-19/s150x150/15803631_1225320917504587_7280339397763923968_a.jpg?_nc_ht=scontent-ort2-2.cdninstagram.com,,,,,,,,,FALSE
1465682656,bagladybrooklyn,Brooke Berry,https://www.instagram.com/bagladybrooklyn,FALSE,FALSE,TRUE,FALSE,https://scontent-ort2-2.cdninstagram.com/vp/c45d77648ad78858f3ae78a4c31f2f07/5D4DE238/t51.2885-19/s150x150/36940688_1551169874987699_2013559064402853888_n.jpg?_nc_ht=scontent-ort2-2.cdninstagram.com,,,,,,,,,FALSE
7336482658,the_torres_strait,#hellotorresstrait,https://www.instagram.com/the_torres_strait,FALSE,FALSE,TRUE,FALSE,https://scontent-ort2-2.cdninstagram.com/vp/b1e3f062001960e1956a3c812649cd9b/5D3942E4/t51.2885-19/s150x150/28764391_1898580180161511_3094301397332525056_n.jpg?_nc_ht=scontent-ort2-2.cdninstagram.com,,,,,,,,,FALSE
249264170,deadlychoices,Deadly Choices,https://www.instagram.com/deadlychoices,FALSE,FALSE,TRUE,FALSE,https://scontent-ort2-2.cdninstagram.com/vp/a1bb38ce5266765d61d087616cb16b09/5D41D900/t51.2885-19/s150x150/35617415_190261884998046_2222646868465156096_n.jpg?_nc_ht=scontent-ort2-2.cdninstagram.com,,,,,,,,,FALSE
14904429,sam_harris,Samantha Harris,https://www.instagram.com/sam_harris,FALSE,FALSE,TRUE,FALSE,https://scontent-ort2-2.cdninstagram.com/vp/d66ab30bc56638648d7b00e10adb60fa/5D4DEBB7/t51.2885-19/s150x150/17076099_190032674821957_5859717185802338304_a.jpg?_nc_ht=scontent-ort2-2.cdninstagram.com,,,,,,,,,FALSE
52767805,carla_ruby,Carla Ruby Villanueva,https://www.instagram.com/carla_ruby,FALSE,FALSE,TRUE,FALSE,https://scontent-ort2-2.cdninstagram.com/vp/c43a9b7d60557288cd54b306be229ece/5D477685/t51.2885-19/s150x150/40773947_2058865407759881_8316001234263736320_n.jpg?_nc_ht=scontent-ort2-2.cdninstagram.com,,,,,,,,,FALSE
12947973,maliamurphey,Malia Murphey🌺,https://www.instagram.com/maliamurphey,FALSE,FALSE,TRUE,FALSE,https://scontent-ort2-2.cdninstagram.com/vp/7daaefe043b92a3764849fbd731794c2/5D40D0F4/t51.2885-19/s150x150/54731537_2353927854658100_6508982426956464128_n.jpg?_nc_ht=scontent-ort2-2.cdninstagram.com,,,,,,,,,FALSE
211168959,amysharkmusic,Amy Shark,https://www.instagram.com/amysharkmusic,FALSE,FALSE,TRUE,FALSE,https://scontent-ort2-2.cdninstagram.com/vp/507420ce9ad2f6b60151f25326e836b7/5D38A051/t51.2885-19/s150x150/45847213_534390867033242_1284870583636459520_n.jpg?_nc_ht=scontent-ort2-2.cdninstagram.com,,,,,,,,,TRUE
355240510,christamwoy,CHRIS TAMWOY ✨,https://www.instagram.com/christamwoy,FALSE,FALSE,TRUE,FALSE,https://scontent-ort2-2.cdninstagram.com/vp/fb49591478288a35d8437a642bffdf94/5D29F87F/t51.2885-19/s150x150/54247621_320186412033540_3602926731788288000_n.jpg?_nc_ht=scontent-ort2-2.cdninstagram.com,,,,,,,,,FALSE
15531532,naila,🐯        NAILA         🐯,https://www.instagram.com/naila,FALSE,FALSE,TRUE,FALSE,https://scontent-ort2-2.cdninstagram.com/vp/25f1146f2d4f2692646477112105c68f/5D33A24F/t51.2885-19/s150x150/54277449_2277494869244125_5945322914873081856_n.jpg?_nc_ht=scontent-ort2-2.cdninstagram.com,,,,,,,,,FALSE
2271768706,kaieaberry,Noa Berry,https://www.instagram.com/kaieaberry,FALSE,FALSE,TRUE,FALSE,https://scontent-ort2-2.cdninstagram.com/vp/3bbf7a8da4659c51d028cd492ac77c59/5D502D5B/t51.2885-19/s150x150/10723931_673072609488291_61509445_a.jpg?_nc_ht=scontent-ort2-2.cdninstagram.com,,,,,,,,,FALSE
5260,nrl,NRL,https://www.instagram.com/nrl,FALSE,FALSE,TRUE,FALSE,https://scontent-ort2-2.cdninstagram.com/vp/a65b91b6ef8a1b769321704aef2f8e71/5D494D6A/t51.2885-19/s150x150/43598553_317677978814068_733047730837913600_n.jpg?_nc_ht=scontent-ort2-2.cdninstagram.com,,,,,,,,,TRUE
45004380,dr.jessephillips,Jesse Phillips,https://www.instagram.com/dr.jessephillips,FALSE,FALSE,TRUE,FALSE,https://scontent-ort2-2.cdninstagram.com/vp/cf341ad8bbbf9ff30a8603b9a0919e0b/5D384E86/t51.2885-19/s150x150/47694615_273909783317424_1552783333526601728_n.jpg?_nc_ht=scontent-ort2-2.cdninstagram.com,,,,,,,,,FALSE
5543371212,ellierayeforcier,✰ ellie forcier ✰,https://www.instagram.com/ellierayeforcier,FALSE,FALSE,TRUE,FALSE,https://scontent-ort2-2.cdninstagram.com/vp/6db7b101cd6156e5ecb706c1b116ce8e/5D452CAE/t51.2885-19/s150x150/51401574_546182585893566_3964499524264656896_n.jpg?_nc_ht=scontent-ort2-2.cdninstagram.com,,,,,,,,,FALSE
5544717490,tao7213,tao,https://www.instagram.com/tao7213,FALSE,FALSE,TRUE,FALSE,https://scontent-sof1-1.cdninstagram.com/vp/76d0af143b3b7fcbcb79356bd5d7f53c/5D2CF3F1/t51.2885-19/44884218_345707102882519_2446069589734326272_n.jpg?_nc_ht=scontent-sof1-1.cdninstagram.com,,,,,,,,,FALSE
7552274,rudygay,Rudy Gay,https://www.instagram.com/rudygay,FALSE,FALSE,TRUE,FALSE,https://scontent-ort2-2.cdninstagram.com/vp/b98790f1938b7e3f6d192090510e1567/5D441161/t51.2885-19/s150x150/20582653_296052570863607_7474162943890817024_a.jpg?_nc_ht=scontent-ort2-2.cdninstagram.com,,,,,,,,,TRUE
177049376,pitmove,Big Ben Wilkinson,https://www.instagram.com/pitmove,FALSE,FALSE,TRUE,FALSE,https://scontent-ort2-2.cdninstagram.com/vp/bd4074c939cd5a236ab1734eddb9d4f3/5D310866/t51.2885-19/1597423_913978658662422_1880051877_a.jpg?_nc_ht=scontent-ort2-2.cdninstagram.com,,,,,,,,,FALSE
6153818236,freshfishhawaii,Fresh Fish Hawaii,https://www.instagram.com/freshfishhawaii,FALSE,FALSE,TRUE,FALSE,https://scontent-ort2-2.cdninstagram.com/vp/f5ad856e3380b8ebbac3999e625e5ec5/5D2BCF78/t51.2885-19/s150x150/22280285_918631108291598_5761052170581442560_n.jpg?_nc_ht=scontent-ort2-2.cdninstagram.com,,,,,,,,,FALSE
1607940472,twentysomethingsa,San Antonio Lifestyle Blog ⚡️,https://www.instagram.com/twentysomethingsa,FALSE,FALSE,TRUE,FALSE,https://scontent-ort2-2.cdninstagram.com/vp/c69f967fdd6f9443c4fc1110d341f04f/5D428D3B/t51.2885-19/s150x150/37982649_269250127135544_8030541447025393664_n.jpg?_nc_ht=scontent-ort2-2.cdninstagram.com,,,,,,,,,FALSE
4189955768,fesplitter,Fe Splitter,https://www.instagram.com/fesplitter,FALSE,FALSE,TRUE,FALSE,https://scontent-ort2-2.cdninstagram.com/vp/4ac65fd80fab9fcfbfb549c9aa8ef792/5D3BDE34/t51.2885-19/s150x150/51117071_239460247008983_5859056018536792064_n.jpg?_nc_ht=scontent-ort2-2.cdninstagram.com,,,,,,,,,FALSE
2580361,pia,Pia,https://www.instagram.com/pia,FALSE,FALSE,TRUE,FALSE,https://scontent-ort2-2.cdninstagram.com/vp/4408e228fdf811d9411e4f0698e5552c/5D4E603E/t51.2885-19/s150x150/52472005_560871367751228_3347138395401879552_n.jpg?_nc_ht=scontent-ort2-2.cdninstagram.com,,,,,,,,,TRUE
5991054,billiebillie,Billie Edwards,https://www.instagram.com/billiebillie,FALSE,FALSE,TRUE,FALSE,https://scontent-ort2-2.cdninstagram.com/vp/230fedba12ed1478fab385d8efa0f7a3/5D43595B/t51.2885-19/s150x150/12145101_979929738720153_2092039676_a.jpg?_nc_ht=scontent-ort2-2.cdninstagram.com,,,,,,,,,FALSE
6161747022,meg.unruh,Meg Unruh,https://www.instagram.com/meg.unruh,FALSE,FALSE,TRUE,FALSE,https://scontent-ort2-2.cdninstagram.com/vp/c8b709c364e0fe4f20e0a5e582e6bb73/5D3573D2/t51.2885-19/s150x150/43645422_2284295128515991_5155346204275507200_n.jpg?_nc_ht=scontent-ort2-2.cdninstagram.com,,,,,,,,,FALSE
1088925269,petcivo,Petero Civoniceva,https://www.instagram.com/petcivo,FALSE,FALSE,TRUE,FALSE,https://scontent-ort2-2.cdninstagram.com/vp/86e1d0e47bb307bae9b889b5ab1a6761/5D3B5AB2/t51.2885-19/s150x150/20968903_503635446654365_7078475831772708864_a.jpg?_nc_ht=scontent-ort2-2.cdninstagram.com,,,,,,,,,FALSE
12697143,adekponya,Matthew Adekponya,https://www.instagram.com/adekponya,FALSE,FALSE,TRUE,FALSE,https://scontent-ort2-2.cdninstagram.com/vp/d3b38d31a7b0e404dc5c7d011ae3e20c/5D409C74/t51.2885-19/s150x150/27894254_1836444236654479_5110339826096275456_n.jpg?_nc_ht=scontent-ort2-2.cdninstagram.com,,,,,,,,,FALSE
4110707274,stevenadams,Steven Adams,https://www.instagram.com/stevenadams,FALSE,FALSE,TRUE,FALSE,https://scontent-ort2-2.cdninstagram.com/vp/0239f26b512efdb7b4ad9db16a0a24c5/5D3ECE25/t51.2885-19/s150x150/26156659_145484202823058_5900492003287760896_n.jpg?_nc_ht=scontent-ort2-2.cdninstagram.com,,,,,,,,,TRUE
16724176,brookeroy,Brooke Roy,https://www.instagram.com/brookeroy,FALSE,FALSE,TRUE,FALSE,https://scontent-ort2-2.cdninstagram.com/vp/673bb8524517679987ef30a99e39f68e/5D49505D/t51.2885-19/s150x150/29096212_181828492437670_6801418825926443008_n.jpg?_nc_ht=scontent-ort2-2.cdninstagram.com,,,,,,,,,FALSE
185410705,jossstone,Joss Stone,https://www.instagram.com/jossstone,FALSE,FALSE,TRUE,FALSE,https://scontent-ort2-2.cdninstagram.com/vp/0cd7d1fac951831d6eca4085441d05e9/5D3C4EC2/t51.2885-19/s150x150/18095788_1867381156850429_5711450280474705920_a.jpg?_nc_ht=scontent-ort2-2.cdninstagram.com,,,,,,,,,TRUE
255850302,hawaiiathletics,Hawaii Athletics,https://www.instagram.com/hawaiiathletics,FALSE,FALSE,TRUE,FALSE,https://scontent-ort2-2.cdninstagram.com/vp/ffa65d6aca67a55b9c16cc46513b588a/5D3C9A3D/t51.2885-19/s150x150/14269187_1135147389886136_1104644680_a.jpg?_nc_ht=scontent-ort2-2.cdninstagram.com,,,,,,,,,TRUE
1706848412,hawaiibasketball,Hawaii Basketball,https://www.instagram.com/hawaiibasketball,FALSE,FALSE,TRUE,FALSE,https://scontent-ort2-2.cdninstagram.com/vp/d506aeb4b0226cc602ddf0b9cf8a22a5/5D4FAA02/t51.2885-19/s150x150/37111313_2093237407414445_740793777370693632_n.jpg?_nc_ht=scontent-ort2-2.cdninstagram.com,,,,,,,,,FALSE
6443227374,redbeardtravels,D_Mills,https://www.instagram.com/redbeardtravels,FALSE,FALSE,TRUE,FALSE,https://scontent-ort2-2.cdninstagram.com/vp/c66a005bed8deaa9de2bafc2189507b9/5D47E7EE/t51.2885-19/s150x150/36717184_282282649003003_8522930903159144448_n.jpg?_nc_ht=scontent-ort2-2.cdninstagram.com,,,,,,,,,FALSE
3524040,kekelindgard,Kekelindgard,https://www.instagram.com/kekelindgard,FALSE,FALSE,TRUE,FALSE,https://scontent-ort2-2.cdninstagram.com/vp/f454bd148d441326a9c9841244e18fd7/5D497C8E/t51.2885-19/s150x150/15305870_330378670677375_1613016706504982528_a.jpg?_nc_ht=scontent-ort2-2.cdninstagram.com,,,,,,,,,TRUE
3496115,john_john_florence,John john Florence,https://www.instagram.com/john_john_florence,FALSE,FALSE,TRUE,FALSE,https://scontent-ort2-2.cdninstagram.com/vp/dc5c33bb4f30786d01e27e8805df3360/5D43093D/t51.2885-19/11282187_102139496804964_463171992_a.jpg?_nc_ht=scontent-ort2-2.cdninstagram.com,,,,,,,,,TRUE
28222547,brynforbes,,https://www.instagram.com/brynforbes,FALSE,FALSE,TRUE,FALSE,https://scontent-ort2-2.cdninstagram.com/vp/07d958790cd01c7ac62fe443d1826573/5D3FBBDC/t51.2885-19/s150x150/20226167_1951301018485890_9930003043057664_a.jpg?_nc_ht=scontent-ort2-2.cdninstagram.com,,,,,,,,,TRUE
1773942676,jlee_t,J a m i e 🌻,https://www.instagram.com/jlee_t,FALSE,FALSE,TRUE,FALSE,https://scontent-ort2-2.cdninstagram.com/vp/7c775150d38fb1069f794f95f8fa4b13/5D3E6342/t51.2885-19/s150x150/43817527_344297169480902_6287121265601806336_n.jpg?_nc_ht=scontent-ort2-2.cdninstagram.com,,,,,,,,,FALSE
6286857,alohaimashley,Ash,https://www.instagram.com/alohaimashley,FALSE,FALSE,TRUE,FALSE,https://scontent-ort2-2.cdninstagram.com/vp/5a34ab96ff2d36dcd7623debbfd66020/5D423E2C/t51.2885-19/s150x150/12716454_177355565966437_1127226374_a.jpg?_nc_ht=scontent-ort2-2.cdninstagram.com,,,,,,,,,FALSE
14509570,aisha_jade,Aisha Jade,https://www.instagram.com/aisha_jade,FALSE,FALSE,TRUE,FALSE,https://scontent-ort2-2.cdninstagram.com/vp/8c217c02222099ba023eec4b07dd8054/5D2DB549/t51.2885-19/s150x150/25006840_373452723105188_2578602144366067712_n.jpg?_nc_ht=scontent-ort2-2.cdninstagram.com,,,,,,,,,TRUE
5773406209,_stefan12,Stefan Zivkovic,https://www.instagram.com/_stefan12,FALSE,FALSE,TRUE,FALSE,https://scontent-ort2-2.cdninstagram.com/vp/3c8733e2a0a973a0f747a17138930ef1/5D4FB038/t51.2885-19/s150x150/45997895_747548828939372_1979674796094390272_n.jpg?_nc_ht=scontent-ort2-2.cdninstagram.com,,,,,,,,,FALSE
3983406854,jordyymills,Jordan Mills,https://www.instagram.com/jordyymills,FALSE,FALSE,TRUE,FALSE,https://scontent-ort2-2.cdninstagram.com/vp/90e9495608b76710cae6d964db266c55/5D389D13/t51.2885-19/s150x150/54463854_567439717090881_2827475330002845696_n.jpg?_nc_ht=scontent-ort2-2.cdninstagram.com,,,,,,,,,FALSE
238745266,sacurrent,San Antonio Current,https://www.instagram.com/sacurrent,FALSE,FALSE,TRUE,FALSE,https://scontent-ort2-2.cdninstagram.com/vp/4a6dd7b2607fa4a47e456f77adf3e8a9/5D47B59F/t51.2885-19/s150x150/12749903_1253178044697463_587522966_a.jpg?_nc_ht=scontent-ort2-2.cdninstagram.com,,,,,,,,,FALSE
674310839,bestfoodsanantonio,Best Food San Antonio,https://www.instagram.com/bestfoodsanantonio,FALSE,FALSE,TRUE,FALSE,https://scontent-ort2-2.cdninstagram.com/vp/74dd769cfe641ebee31a74b9029535ca/5D341A92/t51.2885-19/s150x150/39178641_440776629744841_3382751607090315264_n.jpg?_nc_ht=scontent-ort2-2.cdninstagram.com,,,,,,,,,FALSE
42015467,jordan.kahu,Jordan Kahu,https://www.instagram.com/jordan.kahu,FALSE,FALSE,TRUE,FALSE,https://scontent-ort2-2.cdninstagram.com/vp/7bdc1221607588648677d4cce455ac43/5D2EAB1A/t51.2885-19/s150x150/51708422_484068878793019_7682705647883780096_n.jpg?_nc_ht=scontent-ort2-2.cdninstagram.com,,,,,,,,,TRUE
305472062,retehia,Neru-Retehia Doolah,https://www.instagram.com/retehia,FALSE,FALSE,TRUE,FALSE,https://scontent-ort2-2.cdninstagram.com/vp/c78a79b793df78715a0757d1986efbf7/5D3353A7/t51.2885-19/s150x150/52361027_2199495106968922_4271340573530521600_n.jpg?_nc_ht=scontent-ort2-2.cdninstagram.com,,,,,,,,,FALSE
2281793782,bumble_australia,Bumble Australia & New Zealand,https://www.instagram.com/bumble_australia,FALSE,FALSE,TRUE,FALSE,https://scontent-ort2-2.cdninstagram.com/vp/1386a344ad8d784ca22ffe20bc164085/5D3B02A9/t51.2885-19/s150x150/37531112_312600686211729_3055937748717273088_n.jpg?_nc_ht=scontent-ort2-2.cdninstagram.com,,,,,,,,,TRUE
45810588,michellebattersby,Michelle Battersby,https://www.instagram.com/michellebattersby,FALSE,FALSE,TRUE,FALSE,https://scontent-ort2-2.cdninstagram.com/vp/ac1913d6412b2f7802035f64aaccecfd/5D37CC29/t51.2885-19/s150x150/49452311_312980822671604_780338859819925504_n.jpg?_nc_ht=scontent-ort2-2.cdninstagram.com,,,,,,,,,FALSE
240892533,riffe_international,"RIFFE INTERNATIONAL, INC.",https://www.instagram.com/riffe_international,FALSE,FALSE,TRUE,FALSE,https://scontent-ort2-2.cdninstagram.com/vp/e290dc1baa876b36b80629d99a8b7ea8/5D506340/t51.2885-19/s150x150/14027141_116836318765852_1309894778_a.jpg?_nc_ht=scontent-ort2-2.cdninstagram.com,,,,,,,,,FALSE
1962423731,rocamoons,Mona-Jane,https://www.instagram.com/rocamoons,FALSE,FALSE,TRUE,FALSE,https://scontent-ort2-2.cdninstagram.com/vp/10a2b071828504f99f05da59ab5d8c96/5D439039/t51.2885-19/s150x150/53745157_324572628245457_1474766614099394560_n.jpg?_nc_ht=scontent-ort2-2.cdninstagram.com,,,,,,,,,FALSE
5832735,kimi_swimmy,Kimi Werner,https://www.instagram.com/kimi_swimmy,FALSE,FALSE,TRUE,FALSE,https://scontent-ort2-2.cdninstagram.com/vp/0a22ea4a293ac983fa4d908b72c58bd6/5D409F70/t51.2885-19/s150x150/45803614_2215668498446090_2699753426505433088_n.jpg?_nc_ht=scontent-ort2-2.cdninstagram.com,,,,,,,,,FALSE
3145407627,kaheevay,,https://www.instagram.com/kaheevay,FALSE,FALSE,TRUE,FALSE,https://scontent-ort2-2.cdninstagram.com/vp/145f713a6a151185d6609c6311f1f7f5/5D4440D8/t51.2885-19/s150x150/12917942_168308406896609_783157653_a.jpg?_nc_ht=scontent-ort2-2.cdninstagram.com,,,,,,,,,FALSE
3159554343,spearfish.and.freedive.world,Spearfishing and Freediving,https://www.instagram.com/spearfish.and.freedive.world,FALSE,FALSE,TRUE,FALSE,https://scontent-ort2-2.cdninstagram.com/vp/4198b4811c3d0d4266783998891a6334/5D42CAB3/t51.2885-19/s150x150/14736418_1834305343469971_3294168976057171968_a.jpg?_nc_ht=scontent-ort2-2.cdninstagram.com,,,,,,,,,FALSE
6225141,indiapyzel,Indie Pyzel,https://www.instagram.com/indiapyzel,FALSE,FALSE,TRUE,FALSE,https://scontent-ort2-2.cdninstagram.com/vp/536bc2cccdc91780f1ab0dece013fd9c/5D293662/t51.2885-19/s150x150/40360553_852089358472526_3386596109626376192_n.jpg?_nc_ht=scontent-ort2-2.cdninstagram.com,,,,,,,,,FALSE
4037509222,christopherzaro,Christopher Zaro,https://www.instagram.com/christopherzaro,FALSE,FALSE,TRUE,FALSE,https://scontent-ort2-2.cdninstagram.com/vp/459d63c42640ad5262dd9d7c7bc998c7/5D407D61/t51.2885-19/s150x150/20065729_454382484945320_1136750445931266048_a.jpg?_nc_ht=scontent-ort2-2.cdninstagram.com,,,,,,,,,FALSE
4990286241,caleb_zaro,Bala Caleb,https://www.instagram.com/caleb_zaro,FALSE,FALSE,TRUE,FALSE,https://scontent-ort2-2.cdninstagram.com/vp/4b49a48fe2fb405b6d7927fd7fa00d71/5D3A7810/t51.2885-19/s150x150/52908714_572037883290743_3671148262900891648_n.jpg?_nc_ht=scontent-ort2-2.cdninstagram.com,,,,,,,,,FALSE
3313707677,ysmith85,Yusef Smith,https://www.instagram.com/ysmith85,FALSE,FALSE,TRUE,FALSE,https://scontent-ort2-2.cdninstagram.com/vp/adb859e554d041df64619b135590aed3/5D3EE7F4/t51.2885-19/s150x150/47694163_285984578779037_4357094723786113024_n.jpg?_nc_ht=scontent-ort2-2.cdninstagram.com,,,,,,,,,FALSE
8805273,noelliebellies,ɴᴏᴇʟʟᴇ ʜᴜᴇʀᴛᴀ △,https://www.instagram.com/noelliebellies,FALSE,FALSE,TRUE,FALSE,https://scontent-ort2-2.cdninstagram.com/vp/4cfb611a98227242258439932acad867/5D3D4909/t51.2885-19/s150x150/26323624_1595382260555101_7966560809570533376_n.jpg?_nc_ht=scontent-ort2-2.cdninstagram.com,,,,,,,,,FALSE
210152386,brisbaneweekender,BRISBANE WEEKENDER ☀️🌊,https://www.instagram.com/brisbaneweekender,FALSE,FALSE,TRUE,FALSE,https://scontent-ort2-2.cdninstagram.com/vp/e2d16ced39f091b4a3ac438935c8654a/5D3825E2/t51.2885-19/s150x150/26157816_145062482865377_6613111155973947392_n.jpg?_nc_ht=scontent-ort2-2.cdninstagram.com,,,,,,,,,FALSE
242567086,islandviewhawaii,Islandview Hawai'i,https://www.instagram.com/islandviewhawaii,FALSE,FALSE,TRUE,FALSE,https://scontent-ort2-2.cdninstagram.com/vp/d8fdc92d98d2179b871e545187f34767/5D2FD983/t51.2885-19/s150x150/10268958_893641610755391_1503833437_a.jpg?_nc_ht=scontent-ort2-2.cdninstagram.com,,,,,,,,,FALSE
191950623,kaha_kii,KAHA KI'I ARTS,https://www.instagram.com/kaha_kii,FALSE,FALSE,TRUE,FALSE,https://scontent-ort2-2.cdninstagram.com/vp/effe71af06a36b3097a76018e4804db3/5D413978/t51.2885-19/11374361_1490098344646248_1276905208_a.jpg?_nc_ht=scontent-ort2-2.cdninstagram.com,,,,,,,,,FALSE
12603275,mahinagarcia,Mahina Garcia 🌙,https://www.instagram.com/mahinagarcia,FALSE,FALSE,TRUE,FALSE,https://scontent-ort2-2.cdninstagram.com/vp/c61f0c8ceeb895b88f96c1efe770fdcd/5D46EFEC/t51.2885-19/s150x150/53373882_2236945723286412_8102743566712832_n.jpg?_nc_ht=scontent-ort2-2.cdninstagram.com,,,,,,,,,FALSE
3536964518,thongs.australia,thongs™,https://www.instagram.com/thongs.australia,FALSE,FALSE,TRUE,FALSE,https://scontent-ort2-2.cdninstagram.com/vp/20d7ea7449ee905cc522fe2bb202e857/5D3712FC/t51.2885-19/s150x150/50642245_1858295134298433_3590148482528182272_n.jpg?_nc_ht=scontent-ort2-2.cdninstagram.com,,,,,,,,,FALSE
36512833,hawaii_modern,Hawaii Mid Century Modern,https://www.instagram.com/hawaii_modern,FALSE,FALSE,TRUE,FALSE,https://scontent-ort2-2.cdninstagram.com/vp/86baa74e20ef7225349ba4f42e7a1cc2/5D4AB284/t51.2885-19/s150x150/19984532_2013924318835740_3026290920912846848_a.jpg?_nc_ht=scontent-ort2-2.cdninstagram.com,,,,,,,,,FALSE
3309701742,dtlhawaii,DTL Hawaii,https://www.instagram.com/dtlhawaii,FALSE,FALSE,TRUE,FALSE,https://scontent-ort2-2.cdninstagram.com/vp/6472d6401714b04e82ca37c021128e7b/5D378A06/t51.2885-19/s150x150/13721122_162402237504043_737400739_a.jpg?_nc_ht=scontent-ort2-2.cdninstagram.com,,,,,,,,,FALSE
188419905,matt_coop,Cooper,https://www.instagram.com/matt_coop,FALSE,FALSE,TRUE,FALSE,https://scontent-ort2-2.cdninstagram.com/vp/098c44a1b089988073c539580d3ac45e/5D336549/t51.2885-19/s150x150/38890658_436908476715789_3254442083347333120_n.jpg?_nc_ht=scontent-ort2-2.cdninstagram.com,,,,,,,,,FALSE
3526338795,aldridge_121,LaMarcus Aldridge,https://www.instagram.com/aldridge_121,FALSE,FALSE,TRUE,FALSE,https://scontent-ort2-2.cdninstagram.com/vp/de2108f5ddd6134bf95f16097665fc07/5D34BDCC/t51.2885-19/s150x150/42310572_1114138325410393_5003820707260399616_n.jpg?_nc_ht=scontent-ort2-2.cdninstagram.com,,,,,,,,,TRUE
1427408,jasminemullins_mua,Jasmine mullins,https://www.instagram.com/jasminemullins_mua,FALSE,FALSE,TRUE,FALSE,https://scontent-ort2-2.cdninstagram.com/vp/22f4fd5e7287f51ddd861db67ae5949f/5D3D99FE/t51.2885-19/11116951_1379582702366995_2019642058_a.jpg?_nc_ht=scontent-ort2-2.cdninstagram.com,,,,,,,,,FALSE
20342530,leideee,Leila Dee Thomas,https://www.instagram.com/leideee,FALSE,FALSE,TRUE,FALSE,https://scontent-ort2-2.cdninstagram.com/vp/b34acbc93adea75d57e3ffc47d85d63d/5D4C4C4C/t51.2885-19/11236404_1725048487722205_120131880_a.jpg?_nc_ht=scontent-ort2-2.cdninstagram.com,,,,,,,,,FALSE
348664583,jennlellenburg,Jenn Ellenburg,https://www.instagram.com/jennlellenburg,FALSE,FALSE,TRUE,FALSE,https://scontent-ort2-2.cdninstagram.com/vp/8cf54d8b3315cd1ebc5b9df3997da231/5D2B9530/t51.2885-19/10986004_1548358645415578_254059555_a.jpg?_nc_ht=scontent-ort2-2.cdninstagram.com,,,,,,,,,FALSE
3520394,wass_up90,Brandon W.,https://www.instagram.com/wass_up90,FALSE,FALSE,TRUE,FALSE,https://scontent-ort2-2.cdninstagram.com/vp/351b85d9cd9c7dce5f2eb1f14c87f606/5D4BFB62/t51.2885-19/11350968_1223332334361044_808394709_a.jpg?_nc_ht=scontent-ort2-2.cdninstagram.com,,,,,,,,,FALSE
13426524,nadiafairfax,NADIA FAIRFAX,https://www.instagram.com/nadiafairfax,FALSE,FALSE,TRUE,FALSE,https://scontent-ort2-2.cdninstagram.com/vp/8ca068753c988564013418b1753cad87/5D2F4880/t51.2885-19/s150x150/22499917_240292396500726_7222157786497417216_n.jpg?_nc_ht=scontent-ort2-2.cdninstagram.com,,,,,,,,,TRUE
1757002693,bestdressedsa,Best Dressed SA,https://www.instagram.com/bestdressedsa,FALSE,FALSE,TRUE,FALSE,https://scontent-ort2-2.cdninstagram.com/vp/374a4a5e459c3b87c95d62a399d1ce59/5D30C78D/t51.2885-19/891449_953827437961407_1024317697_a.jpg?_nc_ht=scontent-ort2-2.cdninstagram.com,,,,,,,,,FALSE
25095041,_cd1p_,,https://www.instagram.com/_cd1p_,FALSE,FALSE,TRUE,FALSE,https://scontent-ort2-2.cdninstagram.com/vp/6549c6e6b37ddf72030646f47372925b/5D3AA01D/t51.2885-19/s150x150/51339879_355881948590916_4519712446289543168_n.jpg?_nc_ht=scontent-ort2-2.cdninstagram.com,,,,,,,,,FALSE
2692699235,uasportstyle,UA Sportstyle,https://www.instagram.com/uasportstyle,FALSE,FALSE,TRUE,FALSE,https://scontent-ort2-2.cdninstagram.com/vp/ade37f4926a0066cd4828e42c80937b0/5D41087B/t51.2885-19/s150x150/30087520_1168081893328317_764192961062764544_n.jpg?_nc_ht=scontent-ort2-2.cdninstagram.com,,,,,,,,,TRUE
1926357070,chipgaines,Chip Gaines,https://www.instagram.com/chipgaines,FALSE,FALSE,TRUE,FALSE,https://scontent-ort2-2.cdninstagram.com/vp/b11183d23d5b2da54fc655af6e654533/5D330026/t51.2885-19/s150x150/22070797_297300604007641_6991154173072900096_n.jpg?_nc_ht=scontent-ort2-2.cdninstagram.com,,,,,,,,,TRUE
309745122,joannagaines,Joanna Stevens Gaines,https://www.instagram.com/joannagaines,FALSE,FALSE,TRUE,FALSE,https://scontent-ort2-2.cdninstagram.com/vp/3125bf5da5b1b2dc92d38615ff329118/5D4C1633/t51.2885-19/s150x150/51381472_299037324127708_7752932172809371648_n.jpg?_nc_ht=scontent-ort2-2.cdninstagram.com,,,,,,,,,TRUE
2955259623,kiyosh8,,https://www.instagram.com/kiyosh8,FALSE,FALSE,TRUE,FALSE,https://scontent-ort2-2.cdninstagram.com/vp/2eae7da08bc8f6d5d43856081fbbd3d7/5D2C2691/t51.2885-19/s150x150/12751094_1697917070490396_1554796040_a.jpg?_nc_ht=scontent-ort2-2.cdninstagram.com,,,,,,,,,FALSE
2271340786,straitswim,Island Inspired Swimwear,https://www.instagram.com/straitswim,FALSE,FALSE,TRUE,FALSE,https://scontent-ort2-2.cdninstagram.com/vp/f494109bebff94a6ddd49e42d1748588/5D3C5F1D/t51.2885-19/s150x150/19121144_225197861320093_5733411075324379136_a.jpg?_nc_ht=scontent-ort2-2.cdninstagram.com,,,,,,,,,FALSE
29433181,elyse.knowles,Elyse Knowles,https://www.instagram.com/elyse.knowles,FALSE,FALSE,TRUE,FALSE,https://scontent-ort2-2.cdninstagram.com/vp/51d240cbff170bd3af5d42501da67cab/5D39AB13/t51.2885-19/s150x150/47586285_366336147248266_6331708751325691904_n.jpg?_nc_ht=scontent-ort2-2.cdninstagram.com,,,,,,,,,TRUE
470762455,shyanneclarke,SHYANNE CLARKE // Salty Soul,https://www.instagram.com/shyanneclarke,FALSE,FALSE,TRUE,FALSE,https://scontent-ort2-2.cdninstagram.com/vp/911acb9b03d9c4d72280cbbdf7bbd5f9/5D2C7DF9/t51.2885-19/s150x150/56248144_164940597756987_4101978120284798976_n.jpg?_nc_ht=scontent-ort2-2.cdninstagram.com,,,,,,,,,FALSE
26793992,vincent_fantauzzo,Vincent Fantauzzo,https://www.instagram.com/vincent_fantauzzo,FALSE,FALSE,TRUE,FALSE,https://scontent-ort2-2.cdninstagram.com/vp/d34e8f72ae68bd43c5b7aa4000b2925f/5D37E069/t51.2885-19/s150x150/11373812_954458694597255_1555326410_a.jpg?_nc_ht=scontent-ort2-2.cdninstagram.com,,,,,,,,,FALSE
266155609,cactussurf,Nerida Haynes,https://www.instagram.com/cactussurf,FALSE,FALSE,TRUE,FALSE,https://scontent-ort2-2.cdninstagram.com/vp/df7f6c4677d5a93bf63ac10920ab75b0/5D4E9A2A/t51.2885-19/s150x150/12446344_1027339334013708_1685584897_a.jpg?_nc_ht=scontent-ort2-2.cdninstagram.com,,,,,,,,,FALSE
1211374926,thesaltyblonde,Halley Elefante,https://www.instagram.com/thesaltyblonde,FALSE,FALSE,TRUE,FALSE,https://scontent-ort2-2.cdninstagram.com/vp/ecb99db4a15903803ece01e4279f5a25/5D2BC041/t51.2885-19/s150x150/18512714_1742901509334307_2143604308984201216_a.jpg?_nc_ht=scontent-ort2-2.cdninstagram.com,,,,,,,,,FALSE
1830317,brooklynhawaii,B R O O K E   🌈   B E R R Y,https://www.instagram.com/brooklynhawaii,FALSE,FALSE,TRUE,FALSE,https://scontent-ort2-2.cdninstagram.com/vp/1c3eb15cf2b2ad3791cf534b768eb277/5D47ECDD/t51.2885-19/s150x150/53430126_772225643177133_1867250144471154688_n.jpg?_nc_ht=scontent-ort2-2.cdninstagram.com,,,,,,,,,FALSE
17351348,alexglenn__,Alex Glenn,https://www.instagram.com/alexglenn__,FALSE,FALSE,TRUE,FALSE,https://scontent-ort2-2.cdninstagram.com/vp/bcd8c9e2b7f9b7b1bbcb646586439676/5D452248/t51.2885-19/s150x150/47692675_340343313218717_1789423666325356544_n.jpg?_nc_ht=scontent-ort2-2.cdninstagram.com,,,,,,,,,TRUE
637485004,renaenona,M.N~19/2/1999-26/5/18,https://www.instagram.com/renaenona,FALSE,FALSE,TRUE,FALSE,https://scontent-ort2-2.cdninstagram.com/vp/5475b8be84e1b799d51466d7b7759498/5D441685/t51.2885-19/s150x150/53224229_294768511193245_2009686103413489664_n.jpg?_nc_ht=scontent-ort2-2.cdninstagram.com,,,,,,,,,FALSE
2091068347,tabaiis_nona,Tabaiis Nona,https://www.instagram.com/tabaiis_nona,FALSE,FALSE,TRUE,FALSE,https://scontent-ort2-2.cdninstagram.com/vp/1cd16ba2b17feaff6c7c1c44a410715e/5D2F6450/t51.2885-19/s150x150/43465078_2141333219461944_5507999230146379776_n.jpg?_nc_ht=scontent-ort2-2.cdninstagram.com,,,,,,,,,FALSE
204443325,tiagosplitter,Tiago Splitter,https://www.instagram.com/tiagosplitter,FALSE,FALSE,TRUE,FALSE,https://scontent-ort2-2.cdninstagram.com/vp/b2b0a8cd551c6f7359c707d9ae1d4296/5D4FCC1B/t51.2885-19/s150x150/43914457_182531792693277_7747956620700680192_n.jpg?_nc_ht=scontent-ort2-2.cdninstagram.com,,,,,,,,,TRUE
1149701107,magnolia,Magnolia,https://www.instagram.com/magnolia,FALSE,FALSE,TRUE,FALSE,https://scontent-ort2-2.cdninstagram.com/vp/b6fe7dd27145124e6ff5baccba7c1376/5D475A4B/t51.2885-19/s150x150/12816830_261466514194746_1967144114_a.jpg?_nc_ht=scontent-ort2-2.cdninstagram.com,,,,,,,,,TRUE
1414851304,hibissports,HIBIS Sports Marketing,https://www.instagram.com/hibissports,FALSE,FALSE,TRUE,FALSE,https://scontent-ort2-2.cdninstagram.com/vp/40cd4b2686dad73aa599b7d9913d115d/5D2A4760/t51.2885-19/s150x150/13649143_311827532482984_18213638_a.jpg?_nc_ht=scontent-ort2-2.cdninstagram.com,,,,,,,,,FALSE
55495218,andrewdmccullough,Andrew Mccullough,https://www.instagram.com/andrewdmccullough,FALSE,FALSE,TRUE,FALSE,https://scontent-ort2-2.cdninstagram.com/vp/588b0309916b0236ecdabad81af80838/5D2EACED/t51.2885-19/s150x150/51128818_308271513374261_6789126934467969024_n.jpg?_nc_ht=scontent-ort2-2.cdninstagram.com,,,,,,,,,FALSE
316584042,mattgillett12,Matt Gillett,https://www.instagram.com/mattgillett12,FALSE,FALSE,TRUE,FALSE,https://scontent-ort2-2.cdninstagram.com/vp/ea34e613d064431f2af959cc71b89d92/5D3C336C/t51.2885-19/s150x150/35179285_1977629718948025_422435953689231360_n.jpg?_nc_ht=scontent-ort2-2.cdninstagram.com,,,,,,,,,TRUE
260114556,nbl,The NBL,https://www.instagram.com/nbl,FALSE,FALSE,TRUE,FALSE,https://scontent-ort2-2.cdninstagram.com/vp/c0a85f1214d715eb6bda0925b68ff9b8/5D4F69FE/t51.2885-19/s150x150/26871547_145130319510561_965026237414113280_n.jpg?_nc_ht=scontent-ort2-2.cdninstagram.com,,,,,,,,,TRUE
309774696,asafganot,Asaf Ganot,https://www.instagram.com/asafganot,FALSE,FALSE,TRUE,FALSE,https://scontent-ort2-2.cdninstagram.com/vp/533290ad02929db780ae14eef8b75624/5D2CB2D4/t51.2885-19/s150x150/51491177_324756748162998_8388493779639730176_n.jpg?_nc_ht=scontent-ort2-2.cdninstagram.com,,,,,,,,,FALSE
218721509,jahbda,Jon Herring,https://www.instagram.com/jahbda,FALSE,FALSE,TRUE,FALSE,https://scontent-ort2-2.cdninstagram.com/vp/bec97c1d55b7827748529e46cc780305/5D40A785/t51.2885-19/11372453_837941839620947_1401077564_a.jpg?_nc_ht=scontent-ort2-2.cdninstagram.com,,,,,,,,,FALSE
1194680,manuginobili,Manu Ginobili,https://www.instagram.com/manuginobili,FALSE,FALSE,TRUE,FALSE,https://scontent-ort2-2.cdninstagram.com/vp/306c8105bdc352488de86808b25c83e1/5D388952/t51.2885-19/s150x150/22069213_134518917171585_296218358192275456_n.jpg?_nc_ht=scontent-ort2-2.cdninstagram.com,,,,,,,,,TRUE
659275912,qldmaroons,Queensland Maroons,https://www.instagram.com/qldmaroons,FALSE,FALSE,TRUE,FALSE,https://scontent-ort2-2.cdninstagram.com/vp/bda09ee19bb2bb260fff1dcfe8cf69c8/5D452131/t51.2885-19/s150x150/24331587_1615940568462689_8246873714159779840_n.jpg?_nc_ht=scontent-ort2-2.cdninstagram.com,,,,,,,,,TRUE
176484876,rocky_barnes,R O C K Y,https://www.instagram.com/rocky_barnes,FALSE,FALSE,TRUE,FALSE,https://scontent-ort2-2.cdninstagram.com/vp/9c676e5eb3dc4c3ab4a491f6bd2679f4/5D483FEB/t51.2885-19/s150x150/20065573_155200588385316_427558230470688768_a.jpg?_nc_ht=scontent-ort2-2.cdninstagram.com,,,,,,,,,TRUE
54080101,edeimusic,Edei,https://www.instagram.com/edeimusic,FALSE,FALSE,TRUE,FALSE,https://scontent-ort2-2.cdninstagram.com/vp/26839467bf1cd5df2bbe04d86bbc66b3/5D4C5583/t51.2885-19/s150x150/14566737_123638281467835_3210471462301335552_a.jpg?_nc_ht=scontent-ort2-2.cdninstagram.com,,,,,,,,,FALSE
1644378458,oilandgrain,Leah Lindsay,https://www.instagram.com/oilandgrain,FALSE,FALSE,TRUE,FALSE,https://scontent-ort2-2.cdninstagram.com/vp/20ebed2a8e58237f4bbff549add24262/5D2BD678/t51.2885-19/s150x150/47691780_812207022445434_2998265404607954944_n.jpg?_nc_ht=scontent-ort2-2.cdninstagram.com,,,,,,,,,FALSE
1175834605,indy_cc,⋘ INDY  COFFEE  CLUB ⋙,https://www.instagram.com/indy_cc,FALSE,FALSE,TRUE,FALSE,https://scontent-ort2-2.cdninstagram.com/vp/97ff6d0fd6af7ac5ef609e8b8ead5e75/5D38D993/t51.2885-19/s150x150/37782386_783256108675873_1777009535802671104_n.jpg?_nc_ht=scontent-ort2-2.cdninstagram.com,,,,,,,,,FALSE
215872006,perspectivesglobal,Perspectives Global®,https://www.instagram.com/perspectivesglobal,FALSE,FALSE,TRUE,FALSE,https://scontent-ort2-2.cdninstagram.com/vp/935d24bb6638d9c36b817c88088ad569/5D48E02D/t51.2885-19/s150x150/23098717_1999212890302114_4426703275932254208_n.jpg?_nc_ht=scontent-ort2-2.cdninstagram.com,,,,,,,,,FALSE
28880436,goducks,Oregon Ducks,https://www.instagram.com/goducks,FALSE,FALSE,TRUE,FALSE,https://scontent-ort2-2.cdninstagram.com/vp/f6132ef9996e0250139c39322d7e0dce/5D45617D/t51.2885-19/s150x150/14515721_1799479820329756_7046804966270304256_a.jpg?_nc_ht=scontent-ort2-2.cdninstagram.com,,,,,,,,,TRUE
504247895,officialbuckcommander,Buck Commander,https://www.instagram.com/officialbuckcommander,FALSE,FALSE,TRUE,FALSE,https://scontent-ort2-2.cdninstagram.com/vp/01dca5836c9c066c7db758fb5b2ac244/5D35D124/t51.2885-19/s150x150/53845818_309545539728758_6686138661001494528_n.jpg?_nc_ht=scontent-ort2-2.cdninstagram.com,,,,,,,,,TRUE
183347153,uabasketball,Under Armour Basketball,https://www.instagram.com/uabasketball,FALSE,FALSE,TRUE,FALSE,https://scontent-ort2-2.cdninstagram.com/vp/66dea5e8fcf356f6530bff708e0b3132/5D2E67EA/t51.2885-19/s150x150/20905261_263863440769608_3488220812580749312_a.jpg?_nc_ht=scontent-ort2-2.cdninstagram.com,,,,,,,,,TRUE
14940262,nickbadger,Honey Badger,https://www.instagram.com/nickbadger,FALSE,FALSE,TRUE,FALSE,https://scontent-ort2-2.cdninstagram.com/vp/8044cdd4ab426b419bd99e2a35bd0874/5D340619/t51.2885-19/11249252_1622106904722376_1158649815_a.jpg?_nc_ht=scontent-ort2-2.cdninstagram.com,,,,,,,,,TRUE
325683903,uahunt,Under Armour Hunt,https://www.instagram.com/uahunt,FALSE,FALSE,TRUE,FALSE,https://scontent-ort2-2.cdninstagram.com/vp/ed8cddfe84823671f1c6edd5ecdbd71c/5D3F8670/t51.2885-19/s150x150/20181175_262171764284113_726511993204244480_a.jpg?_nc_ht=scontent-ort2-2.cdninstagram.com,,,,,,,,,TRUE
19072121,lornajaneactive,LORNA JANE OFFICIAL,https://www.instagram.com/lornajaneactive,FALSE,FALSE,TRUE,FALSE,https://scontent-ort2-2.cdninstagram.com/vp/6c7f5e35bfd553cc77e2633a620b916e/5D33347F/t51.2885-19/s150x150/52696294_339624949995388_6895920312735498240_n.jpg?_nc_ht=scontent-ort2-2.cdninstagram.com,,,,,,,,,TRUE
332447554,jthurston06,Johnathan Thurston,https://www.instagram.com/jthurston06,FALSE,FALSE,TRUE,FALSE,https://scontent-ort2-2.cdninstagram.com/vp/30fefa2075903a057aa4c46169fb44f6/5D464C76/t51.2885-19/11820468_919213071469538_954386269_a.jpg?_nc_ht=scontent-ort2-2.cdninstagram.com,,,,,,,,,TRUE
23755222,greg_inglis1,GI,https://www.instagram.com/greg_inglis1,FALSE,FALSE,TRUE,FALSE,https://scontent-ort2-2.cdninstagram.com/vp/203595bdbfe4e77adaa3b0a766a55a1f/5D300C1C/t51.2885-19/s150x150/26071146_1835741919813886_3976658254557085696_n.jpg?_nc_ht=scontent-ort2-2.cdninstagram.com,,,,,,,,,TRUE
267785824,basebodybabes,BASE BODY BABES,https://www.instagram.com/basebodybabes,FALSE,FALSE,TRUE,FALSE,https://scontent-ort2-2.cdninstagram.com/vp/e074a4c05f8a5b2c68a2079e55db1650/5D4F5DD7/t51.2885-19/s150x150/12568918_485386758314241_145634197_a.jpg?_nc_ht=scontent-ort2-2.cdninstagram.com,,,,,,,,,TRUE
205786183,daanteee,Danté Exum,https://www.instagram.com/daanteee,FALSE,FALSE,TRUE,FALSE,https://scontent-ort2-2.cdninstagram.com/vp/a858472b03f6880a4608eeddf0957475/5D3CF7F7/t51.2885-19/s150x150/15876908_1640075089628799_8749647022530756608_a.jpg?_nc_ht=scontent-ort2-2.cdninstagram.com,,,,,,,,,TRUE
305339642,customhomes,Luxabode | Angelo Tarola,https://www.instagram.com/customhomes,FALSE,FALSE,TRUE,FALSE,https://scontent-ort2-2.cdninstagram.com/vp/0744ebb41c90c53fcd416acf73cea290/5D4F8B4B/t51.2885-19/s150x150/15876924_1286543444793393_8904101987889446912_n.jpg?_nc_ht=scontent-ort2-2.cdninstagram.com,,,,,,,,,FALSE
421161408,ash_tray11,Ash,https://www.instagram.com/ash_tray11,FALSE,FALSE,TRUE,FALSE,https://scontent-ort2-2.cdninstagram.com/vp/58fc961653492431da0c4975a623db47/5D2C18B8/t51.2885-19/s150x150/17587075_622218644645735_3569262284201000960_a.jpg?_nc_ht=scontent-ort2-2.cdninstagram.com,,,,,,,,,FALSE
227018624,alexlevesqueinspiration,Alex Levesque,https://www.instagram.com/alexlevesqueinspiration,FALSE,FALSE,TRUE,FALSE,https://scontent-ort2-2.cdninstagram.com/vp/5717a58964922c469ebb176d5de5e7fc/5D4FB2B9/t51.2885-19/11357629_1662208637333774_187795184_a.jpg?_nc_ht=scontent-ort2-2.cdninstagram.com,,,,,,,,,FALSE
472887320,emmyclarke_,EMMY CLARKE!,https://www.instagram.com/emmyclarke_,FALSE,FALSE,TRUE,FALSE,https://scontent-ort2-2.cdninstagram.com/vp/a7657564a996992303ed61a723c86fe6/5D4F2B7B/t51.2885-19/s150x150/54800382_280476252845842_4055955458354053120_n.jpg?_nc_ht=scontent-ort2-2.cdninstagram.com,,,,,,,,,FALSE
509574202,bops_bell,Kelley Kerr,https://www.instagram.com/bops_bell,FALSE,FALSE,TRUE,FALSE,https://scontent-ort2-2.cdninstagram.com/vp/c40b532b76a845677b3bcc7f97c12fd2/5D42FA64/t51.2885-19/11428699_448488815336018_1550013221_a.jpg?_nc_ht=scontent-ort2-2.cdninstagram.com,,,,,,,,,FALSE
259244842,greenranger14,Danny Green,https://www.instagram.com/greenranger14,FALSE,FALSE,TRUE,FALSE,https://scontent-ort2-2.cdninstagram.com/vp/58059859c1e74e66558c969262c2e1a0/5D404BC2/t51.2885-19/s150x150/44405237_200697204164268_1040643285598601216_n.jpg?_nc_ht=scontent-ort2-2.cdninstagram.com,,,,,,,,,TRUE
8828818,rorysloane,Rory Sloane,https://www.instagram.com/rorysloane,FALSE,FALSE,TRUE,FALSE,https://scontent-ort2-2.cdninstagram.com/vp/91c9f721dd322e44d234c3283aca6a08/5D2F3B69/t51.2885-19/s150x150/42995759_472628179891996_65131044445093888_n.jpg?_nc_ht=scontent-ort2-2.cdninstagram.com,,,,,,,,,TRUE
281835802,diawboris,Borisdiaw,https://www.instagram.com/diawboris,FALSE,FALSE,TRUE,FALSE,https://scontent-ort2-2.cdninstagram.com/vp/a5afd1b398a644541f6545f47ba26fe1/5D2E996D/t51.2885-19/s150x150/20766497_455514008168571_5315211432562786304_a.jpg?_nc_ht=scontent-ort2-2.cdninstagram.com,,,,,,,,,TRUE
145255388,madspadss,Maddie,https://www.instagram.com/madspadss,FALSE,FALSE,TRUE,FALSE,https://scontent-ort2-2.cdninstagram.com/vp/265ef00564d3355aabb4a180358dad6b/5D2EBA79/t51.2885-19/s150x150/38896279_345922836158984_1342320955245985792_n.jpg?_nc_ht=scontent-ort2-2.cdninstagram.com,,,,,,,,,FALSE
24021969,giorgia_belle,Giorgia Pusztay,https://www.instagram.com/giorgia_belle,FALSE,FALSE,TRUE,FALSE,https://scontent-ort2-2.cdninstagram.com/vp/7cb6956da3117d13a75a69fc7d1b7486/5D2E04D0/t51.2885-19/s150x150/49956631_599952503778374_7527377777666818048_n.jpg?_nc_ht=scontent-ort2-2.cdninstagram.com,,,,,,,,,FALSE
19012555,spurs,San Antonio Spurs,https://www.instagram.com/spurs,FALSE,FALSE,TRUE,FALSE,https://scontent-ort2-2.cdninstagram.com/vp/1ecf5596f4b524636e11b6b05a00eeee/5D508769/t51.2885-19/s150x150/47446415_131587697725693_6561989800927166464_n.jpg?_nc_ht=scontent-ort2-2.cdninstagram.com,,,,,,,,,TRUE
223308916,aquick15,Adam Quick,https://www.instagram.com/aquick15,FALSE,FALSE,TRUE,FALSE,https://scontent-ort2-2.cdninstagram.com/vp/4a45730c0d1dd7ae5aabe39bef494170/5D4E426A/t51.2885-19/s150x150/30079208_203806473553226_660363269143265280_n.jpg?_nc_ht=scontent-ort2-2.cdninstagram.com,,,,,,,,,FALSE
50786877,nbacoaching,Chad Forcier,https://www.instagram.com/nbacoaching,FALSE,FALSE,TRUE,FALSE,https://scontent-ort2-2.cdninstagram.com/vp/741a1a26b84a93ef638882f07299a345/5D49558B/t51.2885-19/s150x150/36913401_645463022507482_7486601113345458176_n.jpg?_nc_ht=scontent-ort2-2.cdninstagram.com,,,,,,,,,FALSE
546735525,samthaiday,Sam Thaiday,https://www.instagram.com/samthaiday,FALSE,FALSE,TRUE,FALSE,https://scontent-ort2-2.cdninstagram.com/vp/bc42347e642ae8d270e421307a0e99c9/5D2CE756/t51.2885-19/s150x150/18251664_1963139963905663_3192273058802958336_a.jpg?_nc_ht=scontent-ort2-2.cdninstagram.com,,,,,,,,,TRUE
196532169,meganjgolden,Megan Golden,https://www.instagram.com/meganjgolden,FALSE,FALSE,TRUE,FALSE,https://scontent-ort2-2.cdninstagram.com/vp/2e72209395d09245ae75efb0c199d6c3/5D4DAA03/t51.2885-19/s150x150/55924342_390255788492765_5697903219183714304_n.jpg?_nc_ht=scontent-ort2-2.cdninstagram.com,,,,,,,,,FALSE
29552312,coachgoldenusf,Todd Golden,https://www.instagram.com/coachgoldenusf,FALSE,FALSE,TRUE,FALSE,https://scontent-ort2-2.cdninstagram.com/vp/7cc8960f2951b7544d7ddcdbfe4199c9/5D4A0544/t51.2885-19/s150x150/47690126_240604150171832_1485054357853437952_n.jpg?_nc_ht=scontent-ort2-2.cdninstagram.com,,,,,,,,,FALSE
18577082,tremainecr,Tremaine,https://www.instagram.com/tremainecr,FALSE,FALSE,TRUE,FALSE,https://scontent-ort2-2.cdninstagram.com/vp/8f25af132e383216bf3a4c974a1e9881/5D3DC174/t51.2885-19/s150x150/46422160_587029991729606_4111599894999859200_n.jpg?_nc_ht=scontent-ort2-2.cdninstagram.com,,,,,,,,,FALSE
14271816,sarahrough1,Sarah Roughead,https://www.instagram.com/sarahrough1,FALSE,FALSE,TRUE,FALSE,https://scontent-ort2-2.cdninstagram.com/vp/8081e1370754571d57869b8c09a695f8/5D4C8DD1/t51.2885-19/s150x150/33630319_2078998942372924_6850091375304638464_n.jpg?_nc_ht=scontent-ort2-2.cdninstagram.com,,,,,,,,,FALSE
35739428,anthea_demos,anthea_demos,https://www.instagram.com/anthea_demos,FALSE,FALSE,TRUE,FALSE,https://scontent-ort2-2.cdninstagram.com/vp/33fc1b4cf10658ff7ae1ef6e14ed99ea/5D2E9ABA/t51.2885-19/s150x150/51588743_346676829266182_5901731359050694656_n.jpg?_nc_ht=scontent-ort2-2.cdninstagram.com,,,,,,,,,FALSE
10063900,rushphotography,Rush,https://www.instagram.com/rushphotography,FALSE,FALSE,TRUE,FALSE,https://scontent-ort2-2.cdninstagram.com/vp/e1118a4e4dd3efb649d7285db2ef7c74/5D312426/t51.2885-19/s150x150/17882561_293486564409649_2644537807984394240_a.jpg?_nc_ht=scontent-ort2-2.cdninstagram.com,,,,,,,,,FALSE
14874921,smcgaels,Saint Mary's Gaels,https://www.instagram.com/smcgaels,FALSE,FALSE,TRUE,FALSE,https://scontent-ort2-2.cdninstagram.com/vp/41af97e5fcdff7bb2446e6d22554d29d/5D3D6E1A/t51.2885-19/s150x150/56576064_379433416119188_484638113906294784_n.jpg?_nc_ht=scontent-ort2-2.cdninstagram.com,,,,,,,,,TRUE
196548278,brisbanebroncos,Brisbane Broncos,https://www.instagram.com/brisbanebroncos,FALSE,FALSE,TRUE,FALSE,https://scontent-ort2-2.cdninstagram.com/vp/ae9eae3facab4c1f8fd3c3577be51cd3/5D4B2D4D/t51.2885-19/s150x150/14374228_1788247091416887_506546035_a.jpg?_nc_ht=scontent-ort2-2.cdninstagram.com,,,,,,,,,TRUE
20250987,adelaide_fc,Adelaide Crows,https://www.instagram.com/adelaide_fc,FALSE,FALSE,TRUE,FALSE,https://scontent-ort2-2.cdninstagram.com/vp/6fbf904e7d25dfe145557d13ff8da0cf/5D3A89B6/t51.2885-19/11336150_945712295496120_899007635_a.jpg?_nc_ht=scontent-ort2-2.cdninstagram.com,,,,,,,,,TRUE
457253004,mickyo19,mickyo19,https://www.instagram.com/mickyo19,FALSE,FALSE,TRUE,FALSE,https://scontent-ort2-2.cdninstagram.com/vp/29d2410e53606549dffe74d126fe5a34/5D2DCCDF/t51.2885-19/s150x150/12135404_1011346188928689_1853188142_a.jpg?_nc_ht=scontent-ort2-2.cdninstagram.com,,,,,,,,,FALSE
263102907,eddiebthe3rd,Eddie Betts,https://www.instagram.com/eddiebthe3rd,FALSE,FALSE,TRUE,FALSE,https://scontent-ort2-2.cdninstagram.com/vp/257003dc0aa6ac4deeeefb2106bd70ae/5D3B5187/t51.2885-19/s150x150/49354076_351631785423645_8576771479310434304_n.jpg?_nc_ht=scontent-ort2-2.cdninstagram.com,,,,,,,,,TRUE
247125836,jmelco333,Jax,https://www.instagram.com/jmelco333,FALSE,FALSE,TRUE,FALSE,https://scontent-ort2-2.cdninstagram.com/vp/048ed8bc8f70c18147511ab7c2339dd1/5D2948CD/t51.2885-19/s150x150/51287983_2370718316312914_8783590673057054720_n.jpg?_nc_ht=scontent-ort2-2.cdninstagram.com,,,,,,,,,FALSE
218386695,houseobayne,Aron Baynes,https://www.instagram.com/houseobayne,FALSE,FALSE,TRUE,FALSE,https://scontent-ort2-2.cdninstagram.com/vp/494e25a5876a3d23b1aa594890e97f9f/5D4A746F/t51.2885-19/s150x150/54247814_551011312055070_5345387503417294848_n.jpg?_nc_ht=scontent-ort2-2.cdninstagram.com,,,,,,,,,TRUE
1344186568,missalyssa_michelle,Alyssa Levesque,https://www.instagram.com/missalyssa_michelle,FALSE,FALSE,TRUE,FALSE,https://scontent-ort2-2.cdninstagram.com/vp/c0819a7c4abbc08395888522aa4120b3/5D4BDDA4/t51.2885-19/s150x150/41481899_536020530179363_8227883610749796352_n.jpg?_nc_ht=scontent-ort2-2.cdninstagram.com,,,,,,,,,FALSE
42766337,beeeee_cornforth,Beth Cornforth,https://www.instagram.com/beeeee_cornforth,FALSE,FALSE,TRUE,FALSE,https://scontent-ort2-2.cdninstagram.com/vp/d14ccd4072c4780642bbc2a15541bbfb/5D297A51/t51.2885-19/s150x150/50230794_953035461552843_6256196010716954624_n.jpg?_nc_ht=scontent-ort2-2.cdninstagram.com,,,,,,,,,FALSE
12011348,fi_mp,FiMPee,https://www.instagram.com/fi_mp,FALSE,FALSE,TRUE,FALSE,https://scontent-ort2-2.cdninstagram.com/vp/ace8af5d75b0f88fbba80f93c02ac3fd/5D2DA74A/t51.2885-19/s150x150/49858549_314030549230367_4879726891486937088_n.jpg?_nc_ht=scontent-ort2-2.cdninstagram.com,,,,,,,,,FALSE
214392990,tim_npp,Tim Cornforth,https://www.instagram.com/tim_npp,FALSE,FALSE,TRUE,FALSE,https://scontent-ort2-2.cdninstagram.com/vp/74f6a628a0151f4aec66a272fee37564/5D4DF82B/t51.2885-19/s150x150/15534933_596190587233330_1698820205934804992_a.jpg?_nc_ht=scontent-ort2-2.cdninstagram.com,,,,,,,,,FALSE
226463671,wchardy,William Hardy,https://www.instagram.com/wchardy,FALSE,FALSE,TRUE,FALSE,https://scontent-ort2-2.cdninstagram.com/vp/43595f6c7d80a666bf827b9f481c635b/5D4B762C/t51.2885-19/10608172_1517214351823634_1552176541_a.jpg?_nc_ht=scontent-ort2-2.cdninstagram.com,,,,,,,,,FALSE
457395060,adamroy37,Adam Goodes,https://www.instagram.com/adamroy37,FALSE,FALSE,TRUE,FALSE,https://scontent-ort2-2.cdninstagram.com/vp/38d6a138eafb45aaa4812e066040e355/5D42B43E/t51.2885-19/s150x150/37587258_1907714722648683_6067921712660348928_n.jpg?_nc_ht=scontent-ort2-2.cdninstagram.com,,,,,,,,,FALSE
31318144,mcconnell32,Mickey McConnell,https://www.instagram.com/mcconnell32,FALSE,FALSE,TRUE,FALSE,https://scontent-ort2-2.cdninstagram.com/vp/3c4742cc510de88f726e445a332b9851/5D31B9EA/t51.2885-19/s150x150/50083420_1184795018352950_3698081693576462336_n.jpg?_nc_ht=scontent-ort2-2.cdninstagram.com,,,,,,,,,FALSE
650295495,islandhustle,MJH,https://www.instagram.com/islandhustle,FALSE,FALSE,TRUE,FALSE,https://scontent-ort2-2.cdninstagram.com/vp/3ff3a7aa748eb791a5e650f296cb0bb6/5D2A439D/t51.2885-19/s150x150/21569020_487728834922310_2601085082684882944_n.jpg?_nc_ht=scontent-ort2-2.cdninstagram.com,,,,,,,,,FALSE
180946043,natejawai,Nathan Jawai,https://www.instagram.com/natejawai,FALSE,FALSE,TRUE,FALSE,https://scontent-ort2-2.cdninstagram.com/vp/bbb84ccd6f6cf97ed743238599acc9b0/5D40E63B/t51.2885-19/s150x150/53619830_315326785839839_4861734693663408128_n.jpg?_nc_ht=scontent-ort2-2.cdninstagram.com,,,,,,,,,FALSE
197143459,adamgibson_1,Adam Gibson,https://www.instagram.com/adamgibson_1,FALSE,FALSE,TRUE,FALSE,https://scontent-ort2-2.cdninstagram.com/vp/f77a417740c765787eb365d0b301807e/5D4D54C9/t51.2885-19/s150x150/54771047_285976412331509_872441220847108096_n.jpg?_nc_ht=scontent-ort2-2.cdninstagram.com,,,,,,,,,FALSE
392210160,sam_jacobs24,Sam,https://www.instagram.com/sam_jacobs24,FALSE,FALSE,TRUE,FALSE,https://scontent-ort2-2.cdninstagram.com/vp/21efa98d565fbfd5e11a2a6f5d62dd8f/5D3DB5D4/t51.2885-19/s150x150/46950371_271276226844415_3697036191162433536_n.jpg?_nc_ht=scontent-ort2-2.cdninstagram.com,,,,,,,,,FALSE
27405902,joeingles7,Joe Ingles,https://www.instagram.com/joeingles7,FALSE,FALSE,TRUE,FALSE,https://scontent-ort2-2.cdninstagram.com/vp/efb4b3573d00115a363f47bc0d648ccd/5D33C450/t51.2885-19/s150x150/11267072_662076927270248_654073684_a.jpg?_nc_ht=scontent-ort2-2.cdninstagram.com,,,,,,,,,TRUE
42411164,slhardy44,Spencer Ladd Hardy,https://www.instagram.com/slhardy44,FALSE,FALSE,TRUE,FALSE,https://scontent-ort2-2.cdninstagram.com/vp/c19874005c15e1ba17a72f4b36b9329c/5D38B0E7/t51.2885-19/s150x150/35617396_294838907725369_8573119159381000192_n.jpg?_nc_ht=scontent-ort2-2.cdninstagram.com,,,,,,,,,FALSE
630665274,chrisweir05,Chris Weir,https://www.instagram.com/chrisweir05,FALSE,FALSE,TRUE,FALSE,https://scontent-ort2-2.cdninstagram.com/vp/0d77f029852e79cffe4eb210394c4e8b/5D4821B0/t51.2885-19/s150x150/32682395_655675864771547_1832875176149123072_n.jpg?_nc_ht=scontent-ort2-2.cdninstagram.com,,,,,,,,,FALSE
2121787,amyquick32,▪️Amy Quick▪️,https://www.instagram.com/amyquick32,FALSE,FALSE,TRUE,FALSE,https://scontent-ort2-2.cdninstagram.com/vp/ae5005a9e5d63d8cbb36b856eec5ca2d/5D2D3C6A/t51.2885-19/s150x150/15035826_563016940558107_6933891427109699584_a.jpg?_nc_ht=scontent-ort2-2.cdninstagram.com,,,,,,,,,FALSE
145874912,jacktomlinson28,,https://www.instagram.com/jacktomlinson28,FALSE,FALSE,TRUE,FALSE,https://scontent-ort2-2.cdninstagram.com/vp/8a7e1081d249b5cb9649906aa3eab600/5D46AB75/t51.2885-19/11353122_1168000413214347_280515935_a.jpg?_nc_ht=scontent-ort2-2.cdninstagram.com,,,,,,,,,FALSE
28254208,goulding43,Chris Goulding,https://www.instagram.com/goulding43,FALSE,FALSE,TRUE,FALSE,https://scontent-ort2-2.cdninstagram.com/vp/691c113a1fc58a45c826ad9371f9cef8/5D37BBFC/t51.2885-19/s150x150/43068103_524097108054608_6861161266963021824_n.jpg?_nc_ht=scontent-ort2-2.cdninstagram.com,,,,,,,,,TRUE
1227962,jennaohea,Jenna O'Hea,https://www.instagram.com/jennaohea,FALSE,FALSE,TRUE,FALSE,https://scontent-ort2-2.cdninstagram.com/vp/754235692e80a8d20bdf559760ec05b8/5D3A8C82/t51.2885-19/s150x150/51706859_1868139436623580_255656536724996096_n.jpg?_nc_ht=scontent-ort2-2.cdninstagram.com,,,,,,,,,TRUE
18236352,tiwibarlow,Tiwi Barlow,https://www.instagram.com/tiwibarlow,FALSE,FALSE,TRUE,FALSE,https://scontent-ort2-2.cdninstagram.com/vp/90b6cd4e516a8bcff4671e903c1d14d8/5D3E64DB/t51.2885-19/10467943_785719828151347_1795802627_a.jpg?_nc_ht=scontent-ort2-2.cdninstagram.com,,,,,,,,,FALSE
20235523,jordan.lewis6,jordan.lewis6,https://www.instagram.com/jordan.lewis6,FALSE,FALSE,TRUE,FALSE,https://scontent-ort2-2.cdninstagram.com/vp/636539ead04db084f8e85d3e26fa6ef4/5D3F5C5D/t51.2885-19/11374126_871274926295693_657870428_a.jpg?_nc_ht=scontent-ort2-2.cdninstagram.com,,,,,,,,,FALSE
22093600,roughy02,,https://www.instagram.com/roughy02,FALSE,FALSE,TRUE,FALSE,https://scontent-ort2-2.cdninstagram.com/vp/ea25d9abdd67b46f4c95a2bec037400b/5D49F359/t51.2885-19/s150x150/13414313_1017414688328064_1574727128_a.jpg?_nc_ht=scontent-ort2-2.cdninstagram.com,,,,,,,,,TRUE
12466417,clintsteindl,Clint Steindl,https://www.instagram.com/clintsteindl,FALSE,FALSE,TRUE,FALSE,https://scontent-ort2-2.cdninstagram.com/vp/7328ba8bcff4bb5f955a1303d9edd354/5D2BF802/t51.2885-19/s150x150/40322282_206681193383792_994504745450209280_n.jpg?_nc_ht=scontent-ort2-2.cdninstagram.com,,,,,,,,,FALSE
12201165,joshunruh,Josh Unruh,https://www.instagram.com/joshunruh,FALSE,FALSE,TRUE,FALSE,https://scontent-ort2-2.cdninstagram.com/vp/1aab7c7a6f31d0de4ba2c356f2cde2da/5D33EE4C/t51.2885-19/s150x150/20759255_1790526184571904_7244324688237690880_a.jpg?_nc_ht=scontent-ort2-2.cdninstagram.com,,,,,,,,,FALSE
188497327,bradnewley,Brad Newley,https://www.instagram.com/bradnewley,FALSE,FALSE,TRUE,FALSE,https://scontent-ort2-2.cdninstagram.com/vp/a37f2b0aa300535c291e6206f31b1cae/5D3F56AC/t51.2885-19/s150x150/14565002_304916936573192_8824269991944650752_a.jpg?_nc_ht=scontent-ort2-2.cdninstagram.com,,,,,,,,,TRUE
195750965,jmesman22,Jamie Mesman,https://www.instagram.com/jmesman22,FALSE,FALSE,TRUE,FALSE,https://scontent-ort2-2.cdninstagram.com/vp/e0b4aa2cdb696f731cf00ee046e1687c/5D46DA15/t51.2885-19/s150x150/43779292_1898047243648096_1223149034554785792_n.jpg?_nc_ht=scontent-ort2-2.cdninstagram.com,,,,,,,,,FALSE
1972834,tysondemos2,Tyson Demos,https://www.instagram.com/tysondemos2,FALSE,FALSE,TRUE,FALSE,https://scontent-ort2-2.cdninstagram.com/vp/0da7db85a5542831fbb14a872b1a98f9/5D3D94C2/t51.2885-19/s150x150/20482663_1942968982588205_5225533322876157952_a.jpg?_nc_ht=scontent-ort2-2.cdninstagram.com,,,,,,,,,FALSE
32133005,lucaswaxy,Lucas Walker,https://www.instagram.com/lucaswaxy,FALSE,FALSE,TRUE,FALSE,https://scontent-ort2-2.cdninstagram.com/vp/c84c5226d7ac296329c542b76d172c41/5D4CB740/t51.2885-19/s150x150/56890544_276474666636065_632162926194589696_n.jpg?_nc_ht=scontent-ort2-2.cdninstagram.com,,,,,,,,,FALSE
239461852,shinky05,,https://www.instagram.com/shinky05,FALSE,FALSE,TRUE,FALSE,https://scontent-ort2-2.cdninstagram.com/vp/c4c19bf517b905d0f4d5aff35d4dd3b3/5D4D9E7F/t51.2885-19/10859987_822476287813298_1232179861_a.jpg?_nc_ht=scontent-ort2-2.cdninstagram.com,,,,,,,,,FALSE
12469998,matthewdelly,matthewdelly,https://www.instagram.com/matthewdelly,FALSE,FALSE,TRUE,FALSE,https://scontent-ort2-2.cdninstagram.com/vp/26e24937a587a2680d116c36f90e1248/5D2AE2CF/t51.2885-19/s150x150/12940944_1181913268500458_80338756_a.jpg?_nc_ht=scontent-ort2-2.cdninstagram.com,,,,,,,,,TRUE
40307461,balaluke,Luke Currie-Richardson,https://www.instagram.com/balaluke,FALSE,FALSE,TRUE,FALSE,https://scontent-ort2-2.cdninstagram.com/vp/975f4adae80ed396e25130ba2fd94705/5D417713/t51.2885-19/s150x150/52845392_579431059238573_5154693755793571840_n.jpg?_nc_ht=scontent-ort2-2.cdninstagram.com,,,,,,,,,FALSE
