Aaron Brooks,abrooksart
Aaron Gordon,youngheirgordon
Aaron Holiday,the_4th_Holiday
Abdel Nader,
Adreian Payne,adreian_payne
A.J. Hammons,
Alan Anderson,
Alan Williams,
Alec Burks,
Alec Peters,
Alex Abrines,
Alex Caruso,
Alexis Ajinca,
Alex Len,
Alex Poythress,
Al-Farouq Aminu,
Alfonzo McKinnie,
Al Horford,alhorford
Alize Johnson,
Al Jefferson,
Allen Crabbe,
Allonzo Trier,
Alonzo Gee,
Amile Jefferson,
Amir Johnson,
Anderson Varejao,
Andre Drummond,andredrummondd
Andre Iguodala,
Andre Roberson,
Andrew Bogut,
Andrew Harrison,
Andrew Nicholson,
Andrew White,
Andrew Wiggins,
Anfernee Simons,
Angel Delgado,
Ante Zizic,
Anthony Brown,
Anthony Davis,
Anthony Morrow,
Anthony Tolliver,
Antonio Blakeney,
Antonius Cleveland,
Arinze Onuaku,
Aron Baynes,
Arron Afflalo,
Austin Rivers,
Avery Bradley,
Bam Adebayo,
Ben McLemore,
Ben Moore,
Beno Udrih,
Ben Simmons,bensimmons
Bismack Biyombo,
Blake Griffin,blakegriffin23
Boban Marjanovic,
Bobby Brown,
Bobby Portis,
Bogdan Bogdanovic,
Bojan Bogdanovic,
Boris Diaw,
Bradley Beal,bradbeal3
Brad Wanamaker,
Brandan Wright,
Brandon Bass,
Brandon Goodwin,
Brandon Ingram,
Brandon Jennings,
Brandon Knight,
Brandon Paul,
Brandon Rush,
Brandon Sampson,
Brian Roberts,
Briante Weber,
Brice Johnson,
Brook Lopez,
Bruce Brown,
Bruno Caboclo,
Bryn Forbes,
Buddy Hield,
Caleb Swanigan,
Cameron Payne,
Caris LeVert,
Carmelo Anthony,carmeloanthony
Cedi Osman,
Chandler Hutchison,
Chandler Parsons,
Channing Frye,
Charles Cooke,
Chasson Randle,
Cheick Diallo,
Chimezie Metu,
Chinanu Onuaku,
Chris Andersen,
Chris Bosh,
Chris Boucher,
Chris McCullough,
Chris Paul,
Christian Wood,
CJ McCollum,
C.J. Miles,
C.J. Watson,
C.J. Wilcox,
C.J. Williams,
Clint Capela,
Cody Zeller,
Cole Aldrich,
Collin Sexton,
Corey Brewer,
Cory Joseph,
Courtney Lee,courtneylee
Cristiano Felicio,imfelicio
Dakari Johnson,dakarijohnson
Damian Jones,dameology
Damian Lillard,damianlillard
Damien Wilkins,dwilk3000
Damion Lee,dami0nlee
Damjan Rudez,damorudez9
Damyean Dotson,wholeteamdot
D'Angelo Russell,
Daniel Hamilton,d_ham25
Daniel Ochefu,danielochefu32
Daniel Theis,dtheis10
Danilo Gallinari,danilogallogallinari
Danny Green,greenranger14
Dante Cunningham,dlamarc33
Dante Exum,daanteee
Danuel House,dk2house
Dario Saric,megalodon20
Darius Miller,dmillerky
Darrell Arthur,d_arthur00
Darren Collison,darrencollison_
Darrun Hilliard,d_c_hill1
Daryl Macon,dmacon4.0
David Lee,dlee042
David Nwaba,davidnwaba
David West,realdwest30
Davis Bertans,dbertans_42
Davon Reed,clutchreed_5
De'Aaron Fox,
Deandre Ayton,deandreayton
DeAndre' Bembry,
DeAndre Jordan,deandre
DeAndre Liggins,dliggs14
De'Anthony Melton,
Dejounte Murray,dejountemurray
Delon Wright,delonwright
DeMarcus Cousins,boogiecousins
DeMar DeRozan,demar_derozan
DeMarre Carroll,demarrecarroll1
Demetrius Jackson,d_jay11
Dennis Schroder,ds17_fg
Dennis Smith Jr.,
Denzel Valentine,denzelvalentine
Deonte Burton,godzgift_30
Deron Williams,dwill8
Derrick Favors,_dfavors15
Derrick Jones Jr.,
Derrick Rose,
Derrick Walton,dw10_
Derrick White,dwhite921
Derrick Williams,dwxxiii
Devin Booker,dbook
Devin Harris,devinharris34
Devin Robinson,devinrob1nson
Devonte' Graham,
Dewayne Dedmon,d_dedmon3
Deyonta Davis,deyontadavis_231
Diamond Stone,iamdstone
Dillon Brooks,dillonbrooks24
Dion Waiters,waiters3
Dirk Nowitzki,swish41
D.J. Augustin,
D.J. Wilson,
Domantas Sabonis,dsabonis11
Donatas Motiejunas,donatas_motiejunas
Donovan Mitchell,spidadmitchell
Donte DiVincenzo,divincenzo9
Donte Grantham,divincenzo9
Dorian Finney-Smith,
Doug McDermott,dontegrantham_
Dragan Bender,draganbender35
Draymond Green,money23green
Drew Eubanks,drewdatower
Duncan Robinson,d_bo20
Dwayne Bacon,dbacon
Dwight Buycks,
Dwight Howard,dwighthoward
Dwight Powell,dwightpowell
Dwyane Wade,dwaynewade
Dzanan Musa,dzananmusa
Ed Davis,eddavisxvii
Edmond Sumner,edmondsumner
Ekpe Udoh,ekpeudoh
Elfrid Payton,elfrid
Elie Okobo,elie_0kb
Emmanuel Mudiay,emmanuelmudiay
Enes Kanter,eneskanter11
Eric Bledsoe,thebledshow
Eric Gordon,officialeg10
Eric Griffin,therealegriff
Eric Moreland,ericmoreland25
Erik McCree,erikmccree
Ersan Ilyasova,ersanilyasova7
E'Twaun Moore,
Evan Fournier,evanfournier10
Evan Turner,evanturner
Festus Ezeli,fezzyfel
Frank Jackson,franklinjackson5
Frank Kaminsky,fskpart3
Frank Mason III,
Frank Ntilikina,frank_ntilikina
Fred VanVleet,fredvanvleet
Furkan Korkmaz,furkankorkmaz
Garrett Temple,gtemp17
Gary Clark,gary6clark
Gary Harris,thats_g_
Gary Payton II,
Gary Trent Jr.,
George Hill,indianageorge3
George King,
Georges Niang,georgesniang
Georgios Papagiannis,g_p_06
Gerald Green,g.green14
Gerald Henderson,g_hender09
Giannis Antetokounmpo,giannis_an34
Glenn Robinson III,
Goran Dragic,the_1_dragon
Gordon Hayward,gordonhayward
Gorgui Dieng,gorguidieng
Grayson Allen,graysonjallen
Greg Monroe,moosemonroe15
Guerschon Yabusele,
Hamidou Diallo,hami.diallo
Harrison Barnes,hbarnes
Harry Giles,hgiiizzle
Hassan Whiteside,hassanwhiteside
Henry Ellenson,henryellenson13
Ian Clark,iclark21
Ian Mahinmi,ianou76
Ike Anigbogu,ikepostrs_
Iman Shumpert,imanshumpert
Isaac Bonga,izzy_b99
Isaiah Briscoe,zaaay_
Isaiah Canaan,da_future3
Isaiah Hartenstein,ipjh55
Isaiah Hicks,idhicks
Isaiah Taylor,isaiahshaquille
Isaiah Thomas,isaiahthomas
Isaiah Whitehead,saiahwhitehead
Ish Smith,ishsmith5
Ivan Rabb,young_ivee
Ivica Zubac,ivicazubac
Jabari Bird,jabari_bird
Jabari Parker,jabariparker
Jack Cooley,jackcooligan45
Jacob Evans,j.n.e.iii
Jacob Pullen,jacob_pullen0
Jacob Wiley,
Jae Crowder,bossmann99
Jahlil Okafor,jah8
JaKarr Sampson,karrsampson14
Jake Layman,j_lay_lay
Jakob Poeltl,jakob
Jalen Brunson,jalenbrunson1
Jalen Jones,cantguard21
Jamal Crawford,jcrossover.11
Jamal Murray,jmglitxh27
Jameer Nelson,
Jamel Artis,
James Ennis,
James Harden,jharden13
James Johnson,
James Jones,
James Michael McAdoo,
James Nunnally,
James Webb III,
James Young,
Jamil Wilson,
JaMychal Green,
Jared Dudley,
Jared Sullinger,
Jared Terrell,
Jarell Martin,
Jaren Jackson Jr.,
Jarnell Stokes,
Jaron Blossomgame,
Jarred Vanderbilt,
Jarrett Allen,
Jarrett Jack,
Jason Smith,
Jason Terry,
JaVale McGee,
Jawun Evans,
Jaylen Adams,
Jaylen Brown,
Jaylen Morris,
Jayson Tatum,
Jeff Green,
Jeff Teague,
Jeff Withey,
Jerami Grant,
Jeremy Lamb,
Jeremy Lin,jlin7
Jerian Grant,
Jerome Robinson,
Jerryd Bayless,
Jevon Carter,
Jimmy Butler,jimmybutler
J.J. Barea,
J.J. Redick,
Joakim Noah,
Jodie Meeks,
Joe Chealey,
Joe Harris,
Joe Ingles,
Joe Johnson,
Joel Bolomboy,
Joel Embiid,joelembiid
Joe Young,
Joffrey Lauvergne,
Johnathan Motley,
Johnathan Williams,
John Collins,
John Henson,
John Holland,
John Jenkins,
John Lucas III,
Johnny O'Bryant,
John Wall,
Jonah Bolden,
Jonas Jerebko,
Jonas Valanciunas,
Jonathan Isaac,
Jonathon Simmons,
Jon Leuer,
Jordan Bell,
Jordan Clarkson,
Jordan Hill,
Jordan Loyd,
Jordan McRae,
Jordan Mickey,
Jose Calderon,
Josh Hart,jhart
Josh Huestis,
Josh Jackson,
Josh Magette,
Josh McRoberts,
Josh Okogie,
Josh Richardson,
J.P. Macura,
J.R. Smith,
Jrue Holiday,
Juan Hernangomez,
Julius Randle,
Julyan Stone,
Justin Anderson,
Justin Hamilton,
Justin Holiday,
Justin Jackson,
Justin Patton,
Justise Winslow,
Jusuf Nurkic,
Kadeem Allen,
Karl-Anthony Towns,
Kawhi Leonard,
Kay Felder,
Keenan Evans,
Keita Bates-Diop,
Kelly Olynyk,
Kelly Oubre Jr.,
Kemba Walker,kw15
Kenneth Faried,kennethfaried35
Kenrich Williams,
Kentavious Caldwell-Pope,
Kent Bazemore,
Kevin Durant,
Kevin Huerter,
Kevin Knox,
Kevin Love,
Kevin Seraphin,
Kevon Looney,
Khem Birch,
Khris Middleton,
Khyri Thomas,
K.J. McDaniels,
Klay Thompson,klaythompson
Kobi Simmons,
Kosta Koufos,
Kostas Antetokounmpo,
Kris Dunn,
Kris Humphries,
Kristaps Porzingis,kporzee
Kyle Anderson,
Kyle Collinsworth,
Kyle Korver,
Kyle Kuzma,kuz
Kyle Lowry,kyle_lowry7
Kyle O'Quinn,
Kyle Singler,
Kyle Wiltjer,kwiltj
Kyrie Irving,kyrieirving
LaMarcus Aldridge,aldridge_121
Lance Stephenson,stephensonlance
Lance Thomas,mrlance42
Landry Shamet,landryshamet
Langston Galloway,langgalloway10
Larry Nance Jr.,
Lauri Markkanen,laurimarkkanen
Lavoy Allen,chef_voy_ardee
Leandro Barbosa,
LeBron James,kingjames
London Perrantes,londontyus
Lonnie Walker,lonniewalkeriv
Lonzo Ball,zo
Lorenzo Brown,officialzobrown
Lou Williams,louwillville
Lucas Nogueira,
Luc Mbah a Moute,
Luis Montero,
Luis Scola,
Luka Doncic,lukadoncic
Luke Babbitt,
Luke Kennard,lukekennard5
Luke Kornet,luke_kornet
Luol Deng,luoldeng9
Malachi Richardson,
Malcolm Brogdon,
Malcolm Delaney,foe2304
Malcolm Miller,mlmili13
Malik Beasley,mbeasy5
Malik Monk,ahmad_monk
Mangok Mathiang,aussiemango9
Manu Ginobili,manuginobili
Marcelo Huertas,
Marc Gasol,marcgasol
Marcin Gortat,mgortat13
Marco Belinelli,mbeli21
Marcus Derrickson,doc32_
Marcus Georges-Hunt,
Marcus Morris,foestar13
Marcus Paige,marcuspaige.5
Marcus Smart,youngamechanger
Marcus Thornton,m3thornton
Mario Chalmers,mchalmers6
Mario Hezonja,supermariohezonja
Markelle Fultz,markellefultz
Markieff Morris,
Marquese Chriss,
Marreese Speights,
Marshall Plumlee,marshallplumlee40
MarShon Brooks,marshon_brooks
Marvin Bagley III,
Marvin Williams,
Mason Plumlee,
Matt Barnes,matt_barnes9
Matt Costello,mattcostello2410
Matthew Dellavedova,
Matt Williams,
Maurice Harkless,
Maurice Ndour,
Maxi Kleber,
Melvin Frazier,
Metta World Peace,
Meyers Leonard,
Michael Beasley,
Michael Carter-Williams,
Michael Gbinije,
Michael Kidd-Gilchrist,
Michael Porter Jr.,
Michael Young,
Mikal Bridges,
Mike Conley,mac11
Mike Dunleavy,
Mike James,
Mike Miller,
Mike Muscala,
Mike Scott,
Miles Bridges,
Miles Plumlee,
Milos Teodosic,
Milton Doyle,
Mindaugas Kuzminskas,
Mirza Teletovic,
Mitchell Robinson,
Mohamed Bamba,
Monta Ellis,
Monte Morris,
Montrezl Harrell,
Moritz Wagner,
Mo Williams,
Myke Henry,
Myles Turner,
Nate Wolters,
Naz Mitrou-Long,
Nemanja Bjelica,
Nene,
Nerlens Noel,
Nick Collison,
Nick Young,
Nicolas Batum,
Nicolas Brussino,
Nikola Jokic,
Nikola Mirotic,
Nikola Pekovic,
Nikola Vucevic,
Nik Stauskas,
Noah Vonleh,
Norman Powell,
OG Anunoby,
Okaro White,
Omari Spellman,
Omer Asik,
Omri Casspi,
Otto Porter,ottodayporter22
Pascal Siakam,pskills43
Pat Connaughton,planetpat5
Patrick Beverley,patbev21
Patrick McCaw,pmccaw0
Patrick Patterson,pdpatt
Patty Mills,balapat
Pau Gasol,paugasol
Paul George,ygtrece
Paul Millsap,paulmillsap4
Paul Pierce,paulpierce
Paul Zipser,paulzzip
Pierre Jackson,
PJ Dozier,dozier_kid
P.J. Tucker,
Quincy Acy,quincyacy
Quincy Pondexter,quincypondexter
Quinn Cook,qcook323
Rajon Rondo,rajonrondo
Rakeem Christmas,rakeemchristmas
Ramon Sessions,
Randy Foye,foyeboy
Rashad Vaughn,rashad_vaughn
Raul Neto,raulneto08
Rawle Alkins,kingrawle
Raymond Felton,
Ray Spalding,rayspalding_
Reggie Bullock,y0bull
Reggie Hearn,
Reggie Jackson,reggie_jackson
Richard Jefferson,richardajefferson
Richaun Holmes,rich_holmes22
Ricky Rubio,ruuufio
R.J. Hunter,
Robert Covington,
Robert Williams,williams.lll
Robin Lopez,gustogummi88
Rodions Kurucs,rodionsk17
Rodney Hood,hoodie5
Rodney McGruder,rodneymcgruder
Rodney Stuckey,
Ron Baker,ronbaker620
Rondae Hollis-Jefferson,
Royce O'Neale,
Roy Hibbert,royhibbert55
Rudy Gay,rudygay
Rudy Gobert,rudygobert27
Russell Westbrook,russwest44
Ryan Anderson,sonuvadigger
Ryan Arcidiacono,ry_arch15
Ryan Broekhoff,rbroekhoff45
Ryan Kelly,
Salah Mejri,50mejri
Sam Dekker,samdek7
Sasha Vujacic,sashavujacic
Sean Kilpatrick,seankilpatrick
Semaj Christon,
Semi Ojeleye,
Serge Ibaka,sergeibaka
Sergio Rodriguez,
Seth Curry,
Shabazz Muhammad,
Shabazz Napier,
Shai Gilgeous-Alexander,
Shake Milton,
Shane Larkin,
Shaquille Harrison,
Shaun Livingston,
Sheldon Mac,
Shelvin Mack,
Sindarius Thornwell,
Skal Labissiere,
Solomon Hill,
Spencer Dinwiddie,
Spencer Hawes,
Stanley Johnson,
Stephen Curry,
Stephen Zimmerman,
Sterling Brown,
Steven Adams,stevenadams
Steve Novak,
Sviatoslav Mykhailiuk,
Taj Gibson,
Tarik Black,
Taurean Prince,
Terrance Ferguson,
Terrence Jones,
Terrence Ross,
Terry Rozier,
Thabo Sefolosha,
Thaddeus Young,
Theo Pinson,
Thomas Bryant,
Thomas Robinson,
Thomas Welsh,
Thon Maker,
Tiago Splitter,
Tim Frazier,
Tim Hardaway Jr.,
Timofey Mozgov,
Timothe Luwawu-Cabarrot,
Tim Quarterman,
T.J. Leaf,
T.J. McConnell,
T.J. Warren,
Tobias Harris,
Tomas Satoransky,
Tony Allen,
Tony Bradley,
Tony Parker,
Tony Snell,
Torrey Craig,
Trae Young,
Treveon Graham,
Trevon Bluiett,trevonbluiett
Trevon Duval,null
Trevor Ariza,null
Trevor Booker,35_fits
Trey Burke,treyburke
Trey Lyles,treylyles
Tristan Thompson,realtristan13
Troy Brown Jr.,
Troy Caupain,caupain10
Troy Daniels,troydaniels30
Troy Williams,troywilliams_
Ty Lawson,tylawson3
Tyler Cavanaugh,tycav34
Tyler Dorsey,tylerdorsey5
Tyler Ennis,1tylerennis
Tyler Johnson,null
Tyler Lydon,tylerlydon
Tyler Ulis,tulis3
Tyler Zeller,null
Tyreke Evans,rekehavoc1
Tyrone Wallace,t_wa1l
Tyson Chandler,tysonchandler
Tyus Jones,1tyus
Udonis Haslem,ud40
Vander Blue,slickveez
Victor Oladipo,vicoladipo
Vince Carter,null
Vince Edwards,null
Vince Hunter,iamvh32
Wade Baldwin,_wadeiv
Walt Lemon Jr.,
Wayne Ellington,wayne_elli
Wayne Selden,wayneseldenjr
Wendell Carter Jr.,
Wenyen Gabriel,wenyengabriel
Wesley Iwundu,and1ref_
Wesley Johnson,marrbbal71n
Wesley Matthews,wessywes23
Will Barton,null
Willie Cauley-Stein,
Willie Reed,showtimereed33
Willy Hernangomez,willyhernangomez
Wilson Chandler,null
Xavier Munford,_xaviermunford
Yakuba Ouattara,yak24
Yante Maten,yandelobro
Yogi Ferrell,yogiferre11
Yuta Watanabe,yutawatanabe12
Zach Collins,zachcollins_33
Zach LaVine,zachlavine8
Zach Lofton,zachlofton2
Zach Randolph,macbo50
Zaza Pachulia,zazapachulia
Zhaire Smith,zhaire_smith
Zhou Qi,officialzhouqi
