Mindaugas Kuzminskas,4
Antonius Cleveland,19
Amile Jefferson,70
Andrew White,104
Reggie Hearn,108
Jeff Withey,136
Kay Felder,185
Yakuba Ouattara,195
Matt Williams,207
Ben Moore,267
Myke Henry,316
Trey Burke,401
Xavier Munford,427
Edmond Sumner,444
Charles Cooke,446
Julyan Stone,453
Nate Wolters,514
Jacob Pullen,548
Garrett Temple,580
Wayne Selden,581
Malachi Richardson,601
Vince Hunter,604
Johnathan Motley,608
Michael Young,612
Jalen Jones,617
Eric Moreland,630
Alec Peters,646
Milton Doyle,652
Monte Morris,653
Davon Reed,669
Mike Muscala,677
Kyle Collinsworth,685
Brandan Wright,739
Ben McLemore,744
Tyrone Wallace,749
Damien Wilkins,790
James Young,791
Jacob Wiley,794
Ivan Rabb,796
Alan Williams,823
Torrey Craig,848
Tyler Lydon,850
Derrick Walton,862
Adreian Payne,873
Jameer Nelson,893
Jarell Martin,917
Josh McRoberts,918
Erik McCree,923
Rodney McGruder,926
Mike James,942
Jack Cooley,956
Danuel House,962
Cheick Diallo,963
Andrew Harrison,972
JaKarr Sampson,1020
Eric Griffin,1024
Ramon Sessions,1035
Shelvin Mack,1050
Quincy Pondexter,1053
Jamil Wilson,1054
Kobi Simmons,1055
Justin Patton,1081
Brice Johnson,1090
Isaiah Whitehead,1091
Malcolm Miller,1143
Frank Jackson,1144
Terrence Ross,1177
Luis Montero,1195
Josh Magette,1203
Wesley Iwundu,1211
Willie Reed,1217
Devin Robinson,1232
Sheldon Mac,1234
Jordan Mickey,1250
Marcus Paige,1262
Okaro White,1263
Ian Clark,1266
Jon Leuer,1268
Mangok Mathiang,1268
Dwight Buycks,1286
Shabazz Muhammad,1303
Devin Harris,1352
Sindarius Thornwell,1354
Deyonta Davis,1367
Solomon Hill,1380
Alfonzo McKinnie,1467
Chris McCullough,1487
Nik Stauskas,1493
Rashad Vaughn,1544
Sean Kilpatrick,1555
Miles Plumlee,1577
PJ Dozier,1610
Aaron Brooks,1613
Jawun Evans,1622
Emmanuel Mudiay,1671
Jake Layman,1684
Tony Bradley,1692
Dakari Johnson,1694
Troy Daniels,1694
Wesley Johnson,1718
Daniel Hamilton,1727
James Ennis,1732
Raul Neto,1742
Pat Connaughton,1775
Joe Young,1790
Nerlens Noel,1799
Jared Dudley,1806
Sterling Brown,1817
Demetrius Jackson,1832
Luke Kornet,1840
Malcolm Delaney,1850
Isaiah Canaan,1855
Tyler Cavanaugh,1896
Lorenzo Brown,1906
Damyean Dotson,1929
Isaiah Taylor,1931
Mario Chalmers,1933
Cameron Payne,1955
Briante Weber,1963
Evan Turner,1985
Jason Smith,2010
Chinanu Onuaku,2012
Dante Cunningham,2067
Jonathan Isaac,2080
George Hill,2089
Tyler Zeller,2105
Brandon Knight,2127
Tim Frazier,2130
Jodie Meeks,2131
Anthony Tolliver,2180
Darrun Hilliard,2187
Khem Birch,2197
David Nwaba,2201
Bobby Brown,2221
Salah Mejri,2264
Caleb Swanigan,2266
London Perrantes,2282
Alec Burks,2300
Anthony Brown,2306
JaMychal Green,2306
Antonio Blakeney,2328
Chandler Parsons,2353
Justin Jackson,2356
Troy Williams,2386
Marvin Williams,2393
Henry Ellenson,2396
Ish Smith,2425
Jamel Artis,2489
DeAndre Liggins,2512
Darrell Arthur,2523
Ian Mahinmi,2534
Malik Beasley,2554
Dwight Powell,2579
Mirza Teletovic,2614
Mason Plumlee,2622
Wesley Matthews,2624
Stanley Johnson,2695
Darius Miller,2707
Joel Bolomboy,2716
Isaiah Hicks,2720
Vander Blue,2765
Wilson Chandler,2768
Langston Galloway,2772
Alex Len,2790
Lance Thomas,2852
Jerryd Bayless,2853
Reggie Bullock,2864
Tyler Ennis,2883
Kyle Singler,2907
Shabazz Napier,2921
Dante Exum,2929
Noah Vonleh,2968
Paul Zipser,3020
Wade Baldwin,3056
Amir Johnson,3068
Timofey Mozgov,3073
Dillon Brooks,3090
Skal Labissiere,3107
Marreese Speights,3110
Justise Winslow,3113
Taurean Prince,3149
Harry Giles,3200
Derrick White,3228
Brandon Paul,3256
Abdel Nader,3258
Meyers Leonard,3264
Alex Poythress,3290
Thabo Sefolosha,3330
Cody Zeller,3332
Joe Johnson,3363
Tomas Satoransky,3423
Jonas Jerebko,3505
Gorgui Dieng,3611
Semi Ojeleye,3673
Richaun Holmes,3689
Luol Deng,3690
Alex Caruso,3698
Joe Harris,3705
Jabari Bird,3744
John Holland,3744
Luke Kennard,3778
Zach Collins,3832
Jason Terry,3862
Montrezl Harrell,3892
Ante Zizic,3905
Ekpe Udoh,3951
Buddy Hield,4002
Greg Monroe,4007
Allen Crabbe,4044
Trey Lyles,4048
Will Barton,4106
Guerschon Yabusele,4124
Al Jefferson,4147
Ivica Zubac,4169
Cory Joseph,4185
Josh Huestis,4188
Maxi Kleber,4220
Treveon Graham,4227
Luke Babbitt,4245
Damian Jones,4328
Malik Monk,4432
Mario Hezonja,4452
Tyler Ulis,4452
Ryan Arcidiacono,4465
Richard Jefferson,4501
Yogi Ferrell,4502
Shane Larkin,4545
Matt Costello,4598
Juan Hernangomez,4605
Bobby Portis,4638
Justin Anderson,4655
Cristiano Felicio,4693
Udonis Haslem,4702
Elfrid Payton,4717
Chris Boucher,4751
Tyler Dorsey,4754
Corey Brewer,4972
Maurice Harkless,4979
Lucas Nogueira,4980
Marquese Chriss,5039
Justin Holiday,5046
Denzel Valentine,5049
Bruno Caboclo,5071
Jeremy Lamb,5094
Joffrey Lauvergne,5132
Tony Snell,5144
Tyler Johnson,5205
Sam Dekker,5274
Dragan Bender,5277
Kent Bazemore,5336
Ike Anigbogu,5391
Jerian Grant,5412
Kenneth Faried,5597
Patrick Patterson,5601
Caris LeVert,5623
Fred VanVleet,5660
Thomas Bryant,5699
Dwayne Bacon,5716
Tyus Jones,5782
Andrew Bogut,5790
Trevor Booker,5828
Bismack Biyombo,5841
Mike Scott,6020
Dewayne Dedmon,6074
Wayne Ellington,6247
DeMarre Carroll,6425
John Collins,6509
Tarik Black,6575
Patrick Beverley,6725
Delon Wright,6757
Frank Kaminsky,6875
Quinn Cook,6902
Ed Davis,6920
Omer Asik,6996
Austin Rivers,7073
Darren Collison,7092
Kevon Looney,7166
Josh Jackson,7263
Nick Collison,7445
James Johnson,7535
Joakim Noah,7548
Rodney Hood,7742
Tony Allen,7742
Jahlil Okafor,7831
Nicolas Brussino,7945
Alexis Ajinca,8007
Kelly Olynyk,8008
Willy Hernangomez,8439
Doug McDermott,8558
Tyson Chandler,8573
Nicolas Batum,8803
Furkan Korkmaz,8823
Iman Shumpert,8894
Cole Aldrich,8972
Evan Fournier,9177
Markieff Morris,9492
Reggie Jackson,9937
Jeff Teague,9947
Pascal Siakam,10131
Ron Baker,10238
Jarrett Jack,10265
Paul Millsap,10388
Dion Waiters,10512
Robin Lopez,10517
Arron Afflalo,10621
Nemanja Bjelica,10690
Kadeem Allen,10822
Thaddeus Young,10960
Terrance Ferguson,11378
Josh Hart,11383
Markelle Fultz,11551
Jonathon Simmons,11665
Jarrett Allen,11705
Mike Conley,11835
Marco Belinelli,12068
Josh Richardson,12167
Zach Randolph,12280
Daniel Theis,12290
Danilo Gallinari,12296
Derrick Favors,12491
Nikola Vucevic,12734
Quincy Acy,12948
Matthew Dellavedova,13206
Gary Harris,13348
Jabari Parker,13373
Boban Marjanovic,13377
Jamal Murray,13391
Jakob Poeltl,13464
Gerald Green,13500
Jrue Holiday,13508
Jerami Grant,13536
Kosta Koufos,13819
Bryn Forbes,13878
Channing Frye,14331
Raymond Felton,14490
Dejounte Murray,15023
Jamal Crawford,15414
Taj Gibson,15417
Norman Powell,15432
Tyreke Evans,16138
Ricky Rubio,16243
Bojan Bogdanovic,16441
John Henson,16459
Kris Dunn,16981
Terry Rozier,17728
Seth Curry,17834
Joe Ingles,18366
Brook Lopez,18907
Thon Maker,19158
Jose Calderon,19280
Avery Bradley,19318
Georgios Papagiannis,20082
Ersan Ilyasova,20404
Bam Adebayo,21028
Lance Stephenson,21254
Patrick McCaw,21266
Courtney Lee,22226
Marcin Gortat,23934
Harrison Barnes,24636
Marcus Morris,25191
Dennis Schroder,25531
Alex Abrines,25921
Jusuf Nurkic,26211
Milos Teodosic,26374
Zach LaVine,27614
Domantas Sabonis,27989
Frank Ntilikina,28456
Marcus Smart,29252
Jeremy Lin,30526
Spencer Dinwiddie,30782
Robert Covington,31097
Aron Baynes,31523
Nikola Mirotic,32075
Ryan Anderson,33494
Davis Bertans,33674
Bogdan Bogdanovic,33842
Rajon Rondo,35281
Otto Porter,36302
Dario Saric,36736
Patty Mills,36836
Kyle Anderson,38335
Malcolm Brogdon,39598
Tobias Harris,40136
Lauri Markkanen,43622
Rudy Gobert,43741
OG Anunoby,44290
Omri Casspi,47561
Julius Randle,48239
Tristan Thompson,48564
Danny Green,48661
Vince Carter,49215
Shaun Livingston,50631
Rudy Gay,51456
Myles Turner,52214
Jae Crowder,55405
Jonas Valanciunas,62472
Michael Beasley,62966
Goran Dragic,63387
Andre Roberson,63984
JaVale McGee,65755
David West,66991
Lou Williams,70050
Jeff Green,70349
Trevor Ariza,70852
Gordon Hayward,79261
Nick Young,79650
Marc Gasol,80251
Cedi Osman,80610
Aaron Gordon,82507
Hassan Whiteside,85802
CJ McCollum,96818
Dirk Nowitzki,98794
Kyle Korver,99576
Kemba Walker,100632
Khris Middleton,109913
Nikola Jokic,114929
Serge Ibaka,117077
Zhou Qi,117623
DeAndre Jordan,120399
Eric Gordon,123412
Eric Bledsoe,124232
Jordan Bell,130915
Zaza Pachulia,134204
Andrew Wiggins,138754
Donovan Mitchell,139468
Tony Parker,139487
Derrick Rose,146481
Pau Gasol,158330
Clint Capela,175917
Dwight Howard,186844
Jordan Clarkson,188834
Blake Griffin,194045
Jaylen Brown,205104
Andre Drummond,220736
Brandon Ingram,230653
Andre Iguodala,258417
Devin Booker,268041
Bradley Beal,269238
Enes Kanter,294926
Kyle Lowry,322036
Jimmy Butler,329435
Steven Adams,360822
Al Horford,384936
Jayson Tatum,422620
Damian Lillard,439462
Isaiah Thomas,449091
Kyle Kuzma,524927
John Wall,542836
Chris Paul,562428
LaMarcus Aldridge,578853
Lonzo Ball,607961
Carmelo Anthony,612021
Dwyane Wade,617271
Victor Oladipo,634495
Ben Simmons,669397
Kawhi Leonard,741838
Kevin Love,771929
Paul George,881287
DeMarcus Cousins,922269
DeMar DeRozan,998999
Anthony Davis,1088230
Kristaps Porzingis,1116769
Draymond Green,1135478
Klay Thompson,1239768
Russell Westbrook,1241129
Joel Embiid,1285587
James Harden,1486830
Manu Ginobili,1808860
Kyrie Irving,2170833
Kevin Durant,2238406
Stephen Curry,2379494
Giannis Antetokounmpo,2530211
LeBron James,2638294
