id,username,full_name,user_profile,followed_by_viewer,requested_by_viewer,user_follows,user_followed_by,profile_pic_url,profile_pic_url_hd,is_private,follows_count,followed_by_count,media_count,latestPostDate,follows_viewer,biography,is_verified,is_business_account,business_category_name
225303881,whitney_mei_hwa,📍Los Angeles,https://www.instagram.com/whitney_mei_hwa,FALSE,FALSE,TRUE,FALSE,https://scontent-ort2-2.cdninstagram.com/vp/3469ffff7774263ad75b592e1f25fc12/5D6990C7/t51.2885-19/s150x150/57403928_446774252740052_4634151995920351232_n.jpg?_nc_ht=scontent-ort2-2.cdninstagram.com,,,,,,,,,FALSE,,
22982803,b__mariexo,,https://www.instagram.com/b__mariexo,FALSE,FALSE,TRUE,FALSE,https://scontent-ort2-2.cdninstagram.com/vp/a637d8f263b0eb9b85d8be2d457f6d65/5D5FB0A1/t51.2885-19/s150x150/47692150_229559094624611_5726359829946040320_n.jpg?_nc_ht=scontent-ort2-2.cdninstagram.com,,,,,,,,,FALSE,,
176882222,_killacammm_,#Blessed 🙏🏽 💕⚔️,https://www.instagram.com/_killacammm_,FALSE,FALSE,TRUE,FALSE,https://scontent-ort2-2.cdninstagram.com/vp/8274937e64ec410bcdb78b1826e62407/5D562FBC/t51.2885-19/s150x150/54731918_594679954366406_3895882078771740672_n.jpg?_nc_ht=scontent-ort2-2.cdninstagram.com,,,,,,,,,FALSE,,
281144956,jdub.24,Jalen Windham 💯,https://www.instagram.com/jdub.24,FALSE,FALSE,TRUE,FALSE,https://scontent-ort2-2.cdninstagram.com/vp/03d5c391863225c020f9c33f88fe3712/5D6C5A41/t51.2885-19/s150x150/50545384_339633510220789_8311389912561614848_n.jpg?_nc_ht=scontent-ort2-2.cdninstagram.com,,,,,,,,,FALSE,,
7028606908,bando_tinee,Bando_tinee,https://www.instagram.com/bando_tinee,FALSE,FALSE,TRUE,FALSE,https://scontent-ort2-2.cdninstagram.com/vp/6f443f510a7e916d1e2b34b7b7f31579/5D6DA4F2/t51.2885-19/s150x150/50985970_292976028046156_2660863773245440000_n.jpg?_nc_ht=scontent-ort2-2.cdninstagram.com,,,,,,,,,FALSE,,
3514051706,himynamesteee,𝓣𝓔𝓔,https://www.instagram.com/himynamesteee,FALSE,FALSE,TRUE,FALSE,https://scontent-ort2-2.cdninstagram.com/vp/80e50e4ef99d42f125795382b969b23d/5D5B17E8/t51.2885-19/s150x150/57488125_611026289376015_4013886172085354496_n.jpg?_nc_ht=scontent-ort2-2.cdninstagram.com,,,,,,,,,FALSE,,
7269293110,mechieee.1k,Mechie.1k🧬,https://www.instagram.com/mechieee.1k,FALSE,FALSE,TRUE,FALSE,https://scontent-ort2-2.cdninstagram.com/vp/14fa993ceb60aaf3f2b051068a67ca7c/5D6A6C0F/t51.2885-19/s150x150/56956621_290922978471039_6890745126251921408_n.jpg?_nc_ht=scontent-ort2-2.cdninstagram.com,,,,,,,,,FALSE,,
342956397,its_baelor,Baelor Noel,https://www.instagram.com/its_baelor,FALSE,FALSE,TRUE,FALSE,https://scontent-ort2-2.cdninstagram.com/vp/88c7bb69647b880ff8a600a7b2506eda/5D757049/t51.2885-19/s150x150/56764762_855720848109571_4161319205217501184_n.jpg?_nc_ht=scontent-ort2-2.cdninstagram.com,,,,,,,,,FALSE,,
11047327596,teamoy_henry__,Teamoy Henry🔷️,https://www.instagram.com/teamoy_henry__,FALSE,FALSE,TRUE,FALSE,https://scontent-ort2-2.cdninstagram.com/vp/2e063510c0964d7822565bb436d56338/5D63D541/t51.2885-19/s150x150/56649596_1222172684604742_147350737263788032_n.jpg?_nc_ht=scontent-ort2-2.cdninstagram.com,,,,,,,,,FALSE,,
21593216,matisselela,Matisse Lela Gardner,https://www.instagram.com/matisselela,FALSE,FALSE,TRUE,FALSE,https://scontent-ort2-2.cdninstagram.com/vp/b36362e7373ef6b1753688465b19e6a9/5D54B679/t51.2885-19/s150x150/43914514_324074441703361_8818406605671366656_n.jpg?_nc_ht=scontent-ort2-2.cdninstagram.com,,,,,,,,,FALSE,,
185581057,anythingforkatinas,Katina,https://www.instagram.com/anythingforkatinas,FALSE,FALSE,TRUE,FALSE,https://scontent-ort2-2.cdninstagram.com/vp/e1be75ce5e1ae3bdbbadf022ef9750da/5D661358/t51.2885-19/s150x150/57506157_309053879791040_2912889782705061888_n.jpg?_nc_ht=scontent-ort2-2.cdninstagram.com,,,,,,,,,FALSE,,
144590870,chrysachin,Chrysa Chin,https://www.instagram.com/chrysachin,FALSE,FALSE,TRUE,FALSE,https://scontent-ort2-2.cdninstagram.com/vp/975e44614896778dda1aa074a1b9635c/5D73D2C2/t51.2885-19/11849431_1025554960857054_250857414_a.jpg?_nc_ht=scontent-ort2-2.cdninstagram.com,,,,,,,,,TRUE,,
258501056,mo__gotti_,Miss Morgan,https://www.instagram.com/mo__gotti_,FALSE,FALSE,TRUE,FALSE,https://scontent-ort2-2.cdninstagram.com/vp/913309c9bbb6b15038f442e2b0353ddf/5D5FBC96/t51.2885-19/10755794_958883510806958_1642539704_a.jpg?_nc_ht=scontent-ort2-2.cdninstagram.com,,,,,,,,,FALSE,,
18089218,nikkimack24,Nikki Mack💕🐒💕,https://www.instagram.com/nikkimack24,FALSE,FALSE,TRUE,FALSE,https://scontent-ort2-2.cdninstagram.com/vp/252ad4e09c6b0e6418d93975e4d76855/5D52F0A2/t51.2885-19/s150x150/20766364_840926192747703_992627926346235904_a.jpg?_nc_ht=scontent-ort2-2.cdninstagram.com,,,,,,,,,FALSE,,
34927233,kaymac_21,Kayla McBride,https://www.instagram.com/kaymac_21,FALSE,FALSE,TRUE,FALSE,https://scontent-ort2-2.cdninstagram.com/vp/8e522431d292663f16f60808c76bdda9/5D519D03/t51.2885-19/s150x150/45913053_987050284833329_3448961650399379456_n.jpg?_nc_ht=scontent-ort2-2.cdninstagram.com,,,,,,,,,TRUE,,
1660090673,knowcoolclothing,KC,https://www.instagram.com/knowcoolclothing,FALSE,FALSE,TRUE,FALSE,https://scontent-ort2-2.cdninstagram.com/vp/ccd687551a76b1ec7dc1e94acf5d2e0a/5D76DA12/t51.2885-19/10946588_807209096017137_71269219_a.jpg?_nc_ht=scontent-ort2-2.cdninstagram.com,,,,,,,,,FALSE,,
239577897,iamcourtneylarisa,Courtney Larisa,https://www.instagram.com/iamcourtneylarisa,FALSE,FALSE,TRUE,FALSE,https://scontent-ort2-2.cdninstagram.com/vp/3112fc9d6861b1b08bd97e6d9ebd3e51/5D747984/t51.2885-19/s150x150/26286882_1836928253212458_6438563354352025600_n.jpg?_nc_ht=scontent-ort2-2.cdninstagram.com,,,,,,,,,FALSE,,
336419457,unkle4artty,Armaan Franklin,https://www.instagram.com/unkle4artty,FALSE,FALSE,TRUE,FALSE,https://scontent-ort2-2.cdninstagram.com/vp/d72c6ad13701c53c8f891712c53c8fb2/5D54F1A3/t51.2885-19/s150x150/45795617_533237210525617_3989574144634126336_n.jpg?_nc_ht=scontent-ort2-2.cdninstagram.com,,,,,,,,,FALSE,,
5889119084,__bossladyy__,Jada🌸,https://www.instagram.com/__bossladyy__,FALSE,FALSE,TRUE,FALSE,https://scontent-ort2-2.cdninstagram.com/vp/9af51bfd8955c6dd34248c9d35dab8f8/5D619138/t51.2885-19/s150x150/56191695_444508539619516_528888582136397824_n.jpg?_nc_ht=scontent-ort2-2.cdninstagram.com,,,,,,,,,FALSE,,
480673951,drose,Derrick Rose,https://www.instagram.com/drose,FALSE,FALSE,TRUE,FALSE,https://scontent-ort2-2.cdninstagram.com/vp/e1426d339bc33e1d6c5fce6cb4305617/5D719C86/t51.2885-19/s150x150/54429332_1144402689075130_205582466503671808_n.jpg?_nc_ht=scontent-ort2-2.cdninstagram.com,,,,,,,,,TRUE,,
31200954,chelseairuegas,Chelsea Iruegas,https://www.instagram.com/chelseairuegas,FALSE,FALSE,TRUE,FALSE,https://scontent-ort2-2.cdninstagram.com/vp/44fc5c41af2b47bfd3c4f1d9f38b7372/5D6B3B16/t51.2885-19/s150x150/53302425_1034525293405766_814613570720366592_n.jpg?_nc_ht=scontent-ort2-2.cdninstagram.com,,,,,,,,,FALSE,,
23264324,mitchellcreek55,Mitchell Creek,https://www.instagram.com/mitchellcreek55,FALSE,FALSE,TRUE,FALSE,https://scontent-ort2-2.cdninstagram.com/vp/e93c119866e6eff232748ad5285eedeb/5D645343/t51.2885-19/s150x150/57555576_422561118508179_2898355604785463296_n.jpg?_nc_ht=scontent-ort2-2.cdninstagram.com,,,,,,,,,TRUE,,
10940430,melpillard,Mel,https://www.instagram.com/melpillard,FALSE,FALSE,TRUE,FALSE,https://scontent-ort2-2.cdninstagram.com/vp/f7a52b5606eee6017fef2ec9d19f506c/5D5C3207/t51.2885-19/s150x150/30930166_567973016922323_4009240271601532928_n.jpg?_nc_ht=scontent-ort2-2.cdninstagram.com,,,,,,,,,FALSE,,
477993410,trayce.jackson,TJD,https://www.instagram.com/trayce.jackson,FALSE,FALSE,TRUE,FALSE,https://scontent-ort2-2.cdninstagram.com/vp/40e5c6064e41ee5f58d59602b094d3a5/5D5C874E/t51.2885-19/s150x150/56681386_332250500810274_7897871247281750016_n.jpg?_nc_ht=scontent-ort2-2.cdninstagram.com,,,,,,,,,TRUE,,
174271585,porchiagreen3,Porchia Green,https://www.instagram.com/porchiagreen3,FALSE,FALSE,TRUE,FALSE,https://scontent-ort2-2.cdninstagram.com/vp/97aa907102623d3f8cbf2dfe50ca33b3/5D70AA04/t51.2885-19/11356633_907367592669706_641604641_a.jpg?_nc_ht=scontent-ort2-2.cdninstagram.com,,,,,,,,,FALSE,,
2201754894,still_hot_rod_,Roderick Hardy,https://www.instagram.com/still_hot_rod_,FALSE,FALSE,TRUE,FALSE,https://scontent-ort2-2.cdninstagram.com/vp/62604d449b5e78d7a6fd28ad712e3d67/5D708B90/t51.2885-19/s150x150/43985373_283299532519956_879636115701628928_n.jpg?_nc_ht=scontent-ort2-2.cdninstagram.com,,,,,,,,,FALSE,,
552328426,brianab__,B,https://www.instagram.com/brianab__,FALSE,FALSE,TRUE,FALSE,https://scontent-ort2-2.cdninstagram.com/vp/964025b14067ddaeb6d74f427ec91ece/5D6AA0A4/t51.2885-19/s150x150/57049217_331550034218982_603399332644782080_n.jpg?_nc_ht=scontent-ort2-2.cdninstagram.com,,,,,,,,,FALSE,,
1694451619,demarrecarroll1,DeMarre Carroll,https://www.instagram.com/demarrecarroll1,FALSE,FALSE,TRUE,FALSE,https://scontent-ort2-2.cdninstagram.com/vp/f84c2b3e42ab2d532efc093260572c3a/5D533692/t51.2885-19/s150x150/54513052_387452378510083_1892009320967569408_n.jpg?_nc_ht=scontent-ort2-2.cdninstagram.com,,,,,,,,,TRUE,,
187702815,thee_ariel_,Ariel,https://www.instagram.com/thee_ariel_,FALSE,FALSE,TRUE,FALSE,https://scontent-ort2-2.cdninstagram.com/vp/8f430f65ce39f38346a8e9cd26ff3468/5D65AA9B/t51.2885-19/s150x150/47059383_202158620622451_2593771114157047808_n.jpg?_nc_ht=scontent-ort2-2.cdninstagram.com,,,,,,,,,FALSE,,
1147091134,rezvanimotors,Rezvani Motors,https://www.instagram.com/rezvanimotors,FALSE,FALSE,TRUE,FALSE,https://scontent-ort2-2.cdninstagram.com/vp/f1e0060000985582db1ff75e7682b49d/5D5EB206/t51.2885-19/11007806_352342238307524_1740016506_a.jpg?_nc_ht=scontent-ort2-2.cdninstagram.com,,,,,,,,,FALSE,,
49119844,turner_myles,Top Floor™️,https://www.instagram.com/turner_myles,FALSE,FALSE,TRUE,FALSE,https://scontent-ort2-2.cdninstagram.com/vp/ba20987e0c7d33426d7c1247a5e9fed9/5D762B21/t51.2885-19/s150x150/55770610_372755463318361_5003880531859865600_n.jpg?_nc_ht=scontent-ort2-2.cdninstagram.com,,,,,,,,,TRUE,,
26476915,iamkatmack,Buttercup,https://www.instagram.com/iamkatmack,FALSE,FALSE,TRUE,FALSE,https://scontent-ort2-2.cdninstagram.com/vp/0aa7852a2198cfe2799154580cb0c087/5D59CE94/t51.2885-19/s150x150/57488388_2081513532145775_4639530231277813760_n.jpg?_nc_ht=scontent-ort2-2.cdninstagram.com,,,,,,,,,FALSE,,
1216988270,martinlawrence,Martin Lawrence,https://www.instagram.com/martinlawrence,FALSE,FALSE,TRUE,FALSE,https://scontent-ort2-2.cdninstagram.com/vp/1b8ba3200ec0ef3913d8c84d93431bde/5D76AC58/t51.2885-19/s150x150/14487420_190589491367380_2585876354381643776_a.jpg?_nc_ht=scontent-ort2-2.cdninstagram.com,,,,,,,,,TRUE,,
23617983,thenewclassic,Iggy Azalea,https://www.instagram.com/thenewclassic,FALSE,FALSE,TRUE,FALSE,https://scontent-ort2-2.cdninstagram.com/vp/9eb31c397da62ce0fef08fa1e024d156/5D6F3C82/t51.2885-19/s150x150/13642866_1025845904131537_1418173045_a.jpg?_nc_ht=scontent-ort2-2.cdninstagram.com,,,,,,,,,TRUE,,
20824486,nba,NBA,https://www.instagram.com/nba,FALSE,FALSE,TRUE,FALSE,https://scontent-ort2-2.cdninstagram.com/vp/4ab24fee658cf02d6baf7d89c8cf99a5/5D6D9415/t51.2885-19/s150x150/19765218_150971465463070_8142077882231947264_a.jpg?_nc_ht=scontent-ort2-2.cdninstagram.com,,,,,,,,,TRUE,,
13629390,monyettashaw,Monyetta Shaw,https://www.instagram.com/monyettashaw,FALSE,FALSE,TRUE,FALSE,https://scontent-ort2-2.cdninstagram.com/vp/14121bc06f1080bee9f9a555d6ea9e33/5D58DB71/t51.2885-19/s150x150/57506148_2024437244532592_3592299805876944896_n.jpg?_nc_ht=scontent-ort2-2.cdninstagram.com,,,,,,,,,TRUE,,
263573747,officialboosieig,Boosie BadAzz,https://www.instagram.com/officialboosieig,FALSE,FALSE,TRUE,FALSE,https://scontent-ort2-2.cdninstagram.com/vp/139fdcd329657a7c24399999ecab479b/5D690387/t51.2885-19/s150x150/51562267_2255374444709945_8329463890857426944_n.jpg?_nc_ht=scontent-ort2-2.cdninstagram.com,,,,,,,,,TRUE,,
3747964430,funnymarco,,https://www.instagram.com/funnymarco,FALSE,FALSE,TRUE,FALSE,https://scontent-ort2-2.cdninstagram.com/vp/499cfca4cfe33f5bd5f7ffeb625239ff/5D5125C7/t51.2885-19/s150x150/57373251_315897649099463_9129970753163231232_n.jpg?_nc_ht=scontent-ort2-2.cdninstagram.com,,,,,,,,,TRUE,,
1768421385,_nbamemes._,NBA MEMES(U here so follow),https://www.instagram.com/_nbamemes._,FALSE,FALSE,TRUE,FALSE,https://scontent-ort2-2.cdninstagram.com/vp/f77926afc0be817b3eaa819554e2a829/5D53D087/t51.2885-19/s150x150/18581194_1769641016681655_265810711291101184_a.jpg?_nc_ht=scontent-ort2-2.cdninstagram.com,,,,,,,,,FALSE,,
3671756133,jason132230,Jason Gardner,https://www.instagram.com/jason132230,FALSE,FALSE,TRUE,FALSE,https://scontent-ort2-2.cdninstagram.com/vp/cae170f03f04d2e2c20f8f91a3810701/5D72C668/t51.2885-19/s150x150/54512316_496745584193677_8011002296471126016_n.jpg?_nc_ht=scontent-ort2-2.cdninstagram.com,,,,,,,,,FALSE,,
6439558645,cooper_zachary_danz7812,Cooper Zachary,https://www.instagram.com/cooper_zachary_danz7812,FALSE,FALSE,TRUE,FALSE,https://scontent-ort2-2.cdninstagram.com/vp/d5516f080136c30e45fb468d75dfdd9a/5D6DA544/t51.2885-19/s150x150/50891626_792220094461944_2516619529992273920_n.jpg?_nc_ht=scontent-ort2-2.cdninstagram.com,,,,,,,,,FALSE,,
5921816087,mtboys3,Millie,https://www.instagram.com/mtboys3,FALSE,FALSE,TRUE,FALSE,https://scontent-ort2-2.cdninstagram.com/vp/971fce01cf36f748911215302775d0ae/5D77C5AA/t51.2885-19/s150x150/30884487_2055806327975966_1103237563444887552_n.jpg?_nc_ht=scontent-ort2-2.cdninstagram.com,,,,,,,,,FALSE,,
1455905623,tahtianaxo,,https://www.instagram.com/tahtianaxo,FALSE,FALSE,TRUE,FALSE,https://scontent-ort2-2.cdninstagram.com/vp/cf2a11de6b476bfa135c2430a3dddf59/5D64B5F5/t51.2885-19/s150x150/57506329_335367420498070_5903151086260191232_n.jpg?_nc_ht=scontent-ort2-2.cdninstagram.com,,,,,,,,,FALSE,,
2252485060,boom0329,Boomer,https://www.instagram.com/boom0329,FALSE,FALSE,TRUE,FALSE,https://scontent-ort2-2.cdninstagram.com/vp/3e12a083a7e1e0d048dc348a4ea55bfa/5D604674/t51.2885-19/s150x150/53361312_881687522195944_5790993658912178176_n.jpg?_nc_ht=scontent-ort2-2.cdninstagram.com,,,,,,,,,FALSE,,
234974781,okaykarlae,Jerrika Karlae,https://www.instagram.com/okaykarlae,FALSE,FALSE,TRUE,FALSE,https://scontent-ort2-2.cdninstagram.com/vp/2b0e48cd9642e4731cd8cf30fad3a368/5D6A50F1/t51.2885-19/s150x150/52719328_2274973959447186_7476905001336438784_n.jpg?_nc_ht=scontent-ort2-2.cdninstagram.com,,,,,,,,,TRUE,,
253774614,ciciamor,Ciaméra Jimenez 3️⃣0️⃣2️⃣🗽🇵🇷🎓,https://www.instagram.com/ciciamor,FALSE,FALSE,TRUE,FALSE,https://scontent-ort2-2.cdninstagram.com/vp/1a3b4ae800781edc251caa8627604dc2/5D5EEEDD/t51.2885-19/s150x150/50226253_437716943461607_116325164827803648_n.jpg?_nc_ht=scontent-ort2-2.cdninstagram.com,,,,,,,,,FALSE,,
1707224692,breanna_soligny,Lady Godiva,https://www.instagram.com/breanna_soligny,FALSE,FALSE,TRUE,FALSE,https://scontent-ort2-2.cdninstagram.com/vp/e9913d07e2f39d148e3efe6cd80dc3fc/5D74F3FA/t51.2885-19/s150x150/57564812_345006112812634_1813455640434049024_n.jpg?_nc_ht=scontent-ort2-2.cdninstagram.com,,,,,,,,,FALSE,,
259389831,zachpete3,Zach Peterson,https://www.instagram.com/zachpete3,FALSE,FALSE,TRUE,FALSE,https://scontent-ort2-2.cdninstagram.com/vp/9b0b6032bae19a01f7c50b089853b618/5D5D5D0D/t51.2885-19/s150x150/22500048_138779860180789_9073455666516983808_n.jpg?_nc_ht=scontent-ort2-2.cdninstagram.com,,,,,,,,,FALSE,,
313829304,takala.w,,https://www.instagram.com/takala.w,FALSE,FALSE,TRUE,FALSE,https://scontent-ort2-2.cdninstagram.com/vp/1f383d654bb8440762fcedd3d15f730e/5D686FB4/t51.2885-19/s150x150/53784612_2194750714121070_8970354774713040896_n.jpg?_nc_ht=scontent-ort2-2.cdninstagram.com,,,,,,,,,FALSE,,
21915242,channce_taylor,Chance Taylor,https://www.instagram.com/channce_taylor,FALSE,FALSE,TRUE,FALSE,https://scontent-ort2-2.cdninstagram.com/vp/8c3b599f82926eac13394cf8b95f1b4a/5D695FD2/t51.2885-19/s150x150/52909898_256301498624624_5037790071755898880_n.jpg?_nc_ht=scontent-ort2-2.cdninstagram.com,,,,,,,,,FALSE,,
180111857,kaylendickson12,Kay D🇯🇲🇾🇪,https://www.instagram.com/kaylendickson12,FALSE,FALSE,TRUE,FALSE,https://scontent-ort2-2.cdninstagram.com/vp/44e30ae61c9a4f7b1e12dbe9e0da6c3a/5D5C8B2E/t51.2885-19/s150x150/53190895_394420768040396_5448771914602381312_n.jpg?_nc_ht=scontent-ort2-2.cdninstagram.com,,,,,,,,,FALSE,,
2161047013,hahadavis,HaHa Davis,https://www.instagram.com/hahadavis,FALSE,FALSE,TRUE,FALSE,https://scontent-ort2-2.cdninstagram.com/vp/363b5126835110bb219516807a23663c/5D6E05B3/t51.2885-19/s150x150/50582137_2665334513493707_6901605853002989568_n.jpg?_nc_ht=scontent-ort2-2.cdninstagram.com,,,,,,,,,TRUE,,
5791065471,nbhoops,New Balance Basketball,https://www.instagram.com/nbhoops,FALSE,FALSE,TRUE,FALSE,https://scontent-ort2-2.cdninstagram.com/vp/b28edeb125ef281c92a57b9d3dcd282b/5D58AE87/t51.2885-19/s150x150/52770668_321347908491318_717440820411629568_n.jpg?_nc_ht=scontent-ort2-2.cdninstagram.com,,,,,,,,,TRUE,,
20430536,jackiexsieng,,https://www.instagram.com/jackiexsieng,FALSE,FALSE,TRUE,FALSE,https://scontent-ort2-2.cdninstagram.com/vp/dbe3ac3c07acac88d0f780a6dbb0eba5/5D5762BF/t51.2885-19/s150x150/41812834_706775913022190_6354206576001155072_n.jpg?_nc_ht=scontent-ort2-2.cdninstagram.com,,,,,,,,,FALSE,,
7464294,michelleeeg,Michelle,https://www.instagram.com/michelleeeg,FALSE,FALSE,TRUE,FALSE,https://scontent-ort2-2.cdninstagram.com/vp/fc987183222cf193247b68fac5966303/5D734853/t51.2885-19/s150x150/58679529_640012429758305_837129429963505664_n.jpg?_nc_ht=scontent-ort2-2.cdninstagram.com,,,,,,,,,FALSE,,
2204899543,kkaysspur,,https://www.instagram.com/kkaysspur,FALSE,FALSE,TRUE,FALSE,https://scontent-ort2-2.cdninstagram.com/vp/6ee137775ace185983497d68ea8ece8e/5D68289F/t51.2885-19/s150x150/49674398_310809636232649_6178739011427762176_n.jpg?_nc_ht=scontent-ort2-2.cdninstagram.com,,,,,,,,,FALSE,,
1367495777,danny_freeze,Dfreeze Dat Frozedude,https://www.instagram.com/danny_freeze,FALSE,FALSE,TRUE,FALSE,https://scontent-ort2-2.cdninstagram.com/vp/ae44ba0041c02a90e6421f14d881e4a4/5D64D6B1/t51.2885-19/s150x150/49281712_320501351918868_7936623044976443392_n.jpg?_nc_ht=scontent-ort2-2.cdninstagram.com,,,,,,,,,FALSE,,
7009361861,therealchayse,Therealchayse,https://www.instagram.com/therealchayse,FALSE,FALSE,TRUE,FALSE,https://scontent-ort2-2.cdninstagram.com/vp/d7c4feeb6f0f8f464590f298c84aee57/5D694FBD/t51.2885-19/s150x150/29095682_186633218785400_4975370964150779904_n.jpg?_nc_ht=scontent-ort2-2.cdninstagram.com,,,,,,,,,FALSE,,
1174147861,_llw___,Jess,https://www.instagram.com/_llw___,FALSE,FALSE,TRUE,FALSE,https://scontent-ort2-2.cdninstagram.com/vp/c41b965ddc2e8b60f269683c42ec6ab2/5D69B95E/t51.2885-19/s150x150/43564529_2148870781849656_1655456395048255488_n.jpg?_nc_ht=scontent-ort2-2.cdninstagram.com,,,,,,,,,FALSE,,
3690654154,shaniecephelps,ShaNiece Phelps,https://www.instagram.com/shaniecephelps,FALSE,FALSE,TRUE,FALSE,https://scontent-ort2-2.cdninstagram.com/vp/980bb8e576b38d7604ee11db14e161e0/5D5B65BE/t51.2885-19/s150x150/15534877_602359449970676_7532595316822900736_a.jpg?_nc_ht=scontent-ort2-2.cdninstagram.com,,,,,,,,,FALSE,,
14110411,angiebaby_doa,AngieBaby,https://www.instagram.com/angiebaby_doa,FALSE,FALSE,TRUE,FALSE,https://scontent-ort2-2.cdninstagram.com/vp/a84cee7da5bbb254a5acb070265f49f8/5D737E17/t51.2885-19/s150x150/12783417_167472280305472_1220987454_a.jpg?_nc_ht=scontent-ort2-2.cdninstagram.com,,,,,,,,,FALSE,,
11461556,jnunn21,James Nunnally,https://www.instagram.com/jnunn21,FALSE,FALSE,TRUE,FALSE,https://scontent-ort2-2.cdninstagram.com/vp/a41ea5a5294e1169d3b70762a8b7d4d6/5D73C72D/t51.2885-19/s150x150/14474408_160788744373676_13048269559037952_n.jpg?_nc_ht=scontent-ort2-2.cdninstagram.com,,,,,,,,,TRUE,,
2294799560,dunkcomp,DUNK COMP,https://www.instagram.com/dunkcomp,FALSE,FALSE,TRUE,FALSE,https://scontent-ort2-2.cdninstagram.com/vp/940a29aaf6c85c4498c9be1a275cd71f/5D69D13F/t51.2885-19/s150x150/51424231_413261872777768_5050567225799344128_n.jpg?_nc_ht=scontent-ort2-2.cdninstagram.com,,,,,,,,,FALSE,,
10932064717,jm.lawyer,"Jasmine A. Mines, JD, MPH",https://www.instagram.com/jm.lawyer,FALSE,FALSE,TRUE,FALSE,https://scontent-ort2-2.cdninstagram.com/vp/c64fb9d4e8458744abc560007d8275b7/5D7738D1/t51.2885-19/s150x150/51620464_365994424131605_410149796012097536_n.jpg?_nc_ht=scontent-ort2-2.cdninstagram.com,,,,,,,,,FALSE,,
1424766774,melanin_apparel,Melanin Apparel - Melanin Made,https://www.instagram.com/melanin_apparel,FALSE,FALSE,TRUE,FALSE,https://scontent-ort2-2.cdninstagram.com/vp/a77cb45b78172d16303f367e578285c1/5D55AA81/t51.2885-19/s150x150/12354043_1516323668667380_202907430_a.jpg?_nc_ht=scontent-ort2-2.cdninstagram.com,,,,,,,,,FALSE,,
174660045,ashbug_101,Ashley,https://www.instagram.com/ashbug_101,FALSE,FALSE,TRUE,FALSE,https://scontent-ort2-2.cdninstagram.com/vp/5cbfc0a8dc6ac0b9b5806ca64c5fcb0c/5D70EFFF/t51.2885-19/s150x150/47581863_1044134485765449_576069296099164160_n.jpg?_nc_ht=scontent-ort2-2.cdninstagram.com,,,,,,,,,FALSE,,
14128956,smooth__tony,smooth__tony,https://www.instagram.com/smooth__tony,FALSE,FALSE,TRUE,FALSE,https://scontent-ort2-2.cdninstagram.com/vp/ca1d542f3a96ffad50d3310dae08aaf1/5D5B12EF/t51.2885-19/s150x150/51752534_543880299434978_6100408621948993536_n.jpg?_nc_ht=scontent-ort2-2.cdninstagram.com,,,,,,,,,FALSE,,
30716179,e_hammerrr,Erica Hamilton,https://www.instagram.com/e_hammerrr,FALSE,FALSE,TRUE,FALSE,https://scontent-ort2-2.cdninstagram.com/vp/e457001daf488372b466e5bdcd441f73/5D5DC094/t51.2885-19/s150x150/43984531_338789763541006_3659050778842103808_n.jpg?_nc_ht=scontent-ort2-2.cdninstagram.com,,,,,,,,,FALSE,,
2218246716,rocstar_rsf,#ATB #RSFNM #Fanpage,https://www.instagram.com/rocstar_rsf,FALSE,FALSE,TRUE,FALSE,https://scontent-ort2-2.cdninstagram.com/vp/3eb77e90b5bd944d5832f3d69d48e434/5D5B0CD4/t51.2885-19/s150x150/58409008_346638449318569_3729012510443962368_n.jpg?_nc_ht=scontent-ort2-2.cdninstagram.com,,,,,,,,,FALSE,,
8320567831,nbrhd_nic,Dom,https://www.instagram.com/nbrhd_nic,FALSE,FALSE,TRUE,FALSE,https://scontent-ort2-2.cdninstagram.com/vp/2b906dd4b04ecd8fd2897e52d972f2ba/5D587135/t51.2885-19/s150x150/37842545_263070497825735_3600987042953035776_n.jpg?_nc_ht=scontent-ort2-2.cdninstagram.com,,,,,,,,,FALSE,,
5840071,creole_drea,,https://www.instagram.com/creole_drea,FALSE,FALSE,TRUE,FALSE,https://scontent-ort2-2.cdninstagram.com/vp/26658b83d22e82c5fe4c407968ee7b3c/5D76CD85/t51.2885-19/s150x150/37642004_1151740401635167_7304046637985300480_n.jpg?_nc_ht=scontent-ort2-2.cdninstagram.com,,,,,,,,,FALSE,,
20156832,b_kiyoko_fit_,Brandie Kiyoko,https://www.instagram.com/b_kiyoko_fit_,FALSE,FALSE,TRUE,FALSE,https://scontent-ort2-2.cdninstagram.com/vp/f19b96470c2551c8c929d936c88fcd42/5D5C1A69/t51.2885-19/s150x150/45877951_729948994027412_8836979165245734912_n.jpg?_nc_ht=scontent-ort2-2.cdninstagram.com,,,,,,,,,FALSE,,
30738765,fashiondree,Andrea Hamilton,https://www.instagram.com/fashiondree,FALSE,FALSE,TRUE,FALSE,https://scontent-ort2-2.cdninstagram.com/vp/452ea0f3fba45850f5a96925987a9f1b/5D5E025E/t51.2885-19/s150x150/54247670_2265340876822607_6921679911669202944_n.jpg?_nc_ht=scontent-ort2-2.cdninstagram.com,,,,,,,,,FALSE,,
240953062,mjsuggs,Mary,https://www.instagram.com/mjsuggs,FALSE,FALSE,TRUE,FALSE,https://scontent-ort2-2.cdninstagram.com/vp/376ae316c7519d5e7825411a98b395fd/5D6EA896/t51.2885-19/s150x150/44478707_1930105530400580_4707835565792296960_n.jpg?_nc_ht=scontent-ort2-2.cdninstagram.com,,,,,,,,,FALSE,,
182996761,bezze2100,Bryan Vault,https://www.instagram.com/bezze2100,FALSE,FALSE,TRUE,FALSE,https://scontent-ort2-2.cdninstagram.com/vp/bfc401ed51b644fbf57a122445e54b2a/5D6254E7/t51.2885-19/s150x150/17662423_272060656571115_7480899192072699904_a.jpg?_nc_ht=scontent-ort2-2.cdninstagram.com,,,,,,,,,FALSE,,
42781651,c_will_21,CJ Williams,https://www.instagram.com/c_will_21,FALSE,FALSE,TRUE,FALSE,https://scontent-ort2-2.cdninstagram.com/vp/47dfafd9d9f001ac0cbf9e1223f6abf3/5D5F671B/t51.2885-19/s150x150/37330174_629437307440516_5361882630260260864_n.jpg?_nc_ht=scontent-ort2-2.cdninstagram.com,,,,,,,,,TRUE,,
12352308,scottiegoodness,Scottie Parker,https://www.instagram.com/scottiegoodness,FALSE,FALSE,TRUE,FALSE,https://scontent-ort2-2.cdninstagram.com/vp/f02991ca342fdba460e9a33e1b076b87/5D69E184/t51.2885-19/10513926_496092047189013_1921471620_a.jpg?_nc_ht=scontent-ort2-2.cdninstagram.com,,,,,,,,,FALSE,,
7041763767,showtime_dev0,Dev🅿️🎒🏀,https://www.instagram.com/showtime_dev0,FALSE,FALSE,TRUE,FALSE,https://scontent-ort2-2.cdninstagram.com/vp/daecd0e61454dafa540fa2f27643bba0/5D666FB3/t51.2885-19/s150x150/42589352_504966873354636_4372410645883125760_n.jpg?_nc_ht=scontent-ort2-2.cdninstagram.com,,,,,,,,,FALSE,,
14133100,teddhardy,Tedd Hardy,https://www.instagram.com/teddhardy,FALSE,FALSE,TRUE,FALSE,https://scontent-ort2-2.cdninstagram.com/vp/95b768850e1121acd441677a9241bc1c/5D57EAAC/t51.2885-19/s150x150/51168478_543501586145621_7926868409743048704_n.jpg?_nc_ht=scontent-ort2-2.cdninstagram.com,,,,,,,,,FALSE,,
2233956991,kirkgoldsberry,Kirk Goldsberry,https://www.instagram.com/kirkgoldsberry,FALSE,FALSE,TRUE,FALSE,https://scontent-ort2-2.cdninstagram.com/vp/11fa3a866d3803b1bf3134247b49747a/5D5DBA2C/t51.2885-19/s150x150/41767272_168853004026223_6160897133164625920_n.jpg?_nc_ht=scontent-ort2-2.cdninstagram.com,,,,,,,,,FALSE,,
12807778,ilovekaysam,Kayla🌺,https://www.instagram.com/ilovekaysam,FALSE,FALSE,TRUE,FALSE,https://scontent-ort2-2.cdninstagram.com/vp/c692d6b261d19eee5fffb282fcd0c5b8/5D62581E/t51.2885-19/s150x150/52944451_1421544141320503_3515972142468431872_n.jpg?_nc_ht=scontent-ort2-2.cdninstagram.com,,,,,,,,,FALSE,,
24554779,starringlorel,Lore'l,https://www.instagram.com/starringlorel,FALSE,FALSE,TRUE,FALSE,https://scontent-ort2-2.cdninstagram.com/vp/e8a974e3218528ce92fe34a80962010b/5D7009ED/t51.2885-19/s150x150/51872748_264199154493432_8476351291344289792_n.jpg?_nc_ht=scontent-ort2-2.cdninstagram.com,,,,,,,,,FALSE,,
38888808,adrienbroner,Adrien AB Broner,https://www.instagram.com/adrienbroner,FALSE,FALSE,TRUE,FALSE,https://scontent-ort2-2.cdninstagram.com/vp/c0b931d895e40c51d3d2de2efac8529e/5D51F27D/t51.2885-19/s150x150/53001682_364222751091515_1237469894333693952_n.jpg?_nc_ht=scontent-ort2-2.cdninstagram.com,,,,,,,,,TRUE,,
1487046487,impracticaljokersofficial,Impractical Jokers,https://www.instagram.com/impracticaljokersofficial,FALSE,FALSE,TRUE,FALSE,https://scontent-ort2-2.cdninstagram.com/vp/1def211b95f9ed8352f5b447d5a4ede4/5D620593/t51.2885-19/s150x150/54510882_2132208533538061_817806002731614208_n.jpg?_nc_ht=scontent-ort2-2.cdninstagram.com,,,,,,,,,TRUE,,
443806955,joejohnson247,JOE JOHNSON,https://www.instagram.com/joejohnson247,FALSE,FALSE,TRUE,FALSE,https://scontent-ort2-2.cdninstagram.com/vp/0423b2fa553c2f6f94c2837012e1b2c8/5D60BF1D/t51.2885-19/s150x150/18950095_1992690950960757_2515614232767102976_a.jpg?_nc_ht=scontent-ort2-2.cdninstagram.com,,,,,,,,,TRUE,,
407204667,igbekoyi_4,Victor Kayode_ig⚽️11,https://www.instagram.com/igbekoyi_4,FALSE,FALSE,TRUE,FALSE,https://scontent-ort2-2.cdninstagram.com/vp/ede10a5f002415fefac305ba06dda074/5D60FDDD/t51.2885-19/s150x150/51135440_2125456684182944_5013130224968138752_n.jpg?_nc_ht=scontent-ort2-2.cdninstagram.com,,,,,,,,,FALSE,,
11224438,i_a.marie,A. Márie,https://www.instagram.com/i_a.marie,FALSE,FALSE,TRUE,FALSE,https://scontent-ort2-2.cdninstagram.com/vp/8ba3e7ce2546e44bf47bca6b49016e33/5D73C664/t51.2885-19/s150x150/51931773_2266369126908645_4085290248194490368_n.jpg?_nc_ht=scontent-ort2-2.cdninstagram.com,,,,,,,,,FALSE,,
173888182,nyglizzy4,💲🔌🔫 #ripgma&GP👼🏾,https://www.instagram.com/nyglizzy4,FALSE,FALSE,TRUE,FALSE,https://scontent-ort2-2.cdninstagram.com/vp/9e6adfad38f3b5726fc6716a5c978977/5D69686A/t51.2885-19/s150x150/21433570_366792313755057_8765092914633113600_a.jpg?_nc_ht=scontent-ort2-2.cdninstagram.com,,,,,,,,,FALSE,,
6405615,johnwall,johnwall,https://www.instagram.com/johnwall,FALSE,FALSE,TRUE,FALSE,https://scontent-ort2-2.cdninstagram.com/vp/ed099a914dec0bcde790ba560082900b/5D5943FE/t51.2885-19/s150x150/42860737_1071057383073086_8487656435541344256_n.jpg?_nc_ht=scontent-ort2-2.cdninstagram.com,,,,,,,,,TRUE,,
8759981862,nevaeh_dance_crazy,Nevaeh Jackson,https://www.instagram.com/nevaeh_dance_crazy,FALSE,FALSE,TRUE,FALSE,https://scontent-ort2-2.cdninstagram.com/vp/8cf904aad8cc899ef3e3c8e68965b38b/5D7708E4/t51.2885-19/s150x150/53626881_327345584799651_184857385284665344_n.jpg?_nc_ht=scontent-ort2-2.cdninstagram.com,,,,,,,,,FALSE,,
267013345,iam.eric,Eric Hunter Jr.,https://www.instagram.com/iam.eric,FALSE,FALSE,TRUE,FALSE,https://scontent-ort2-2.cdninstagram.com/vp/9c5217300154f2735dc0160234ba0cb7/5D66ED22/t51.2885-19/s150x150/56702413_2672239406184191_4605974128535535616_n.jpg?_nc_ht=scontent-ort2-2.cdninstagram.com,,,,,,,,,FALSE,,
7113157,msdecordon,Delicia,https://www.instagram.com/msdecordon,FALSE,FALSE,TRUE,FALSE,https://scontent-ort2-2.cdninstagram.com/vp/7616f8202f7f8ac1cc7f3bbc95a3716b/5D62E1D3/t51.2885-19/s150x150/56480408_337144213822495_2848882048301531136_n.jpg?_nc_ht=scontent-ort2-2.cdninstagram.com,,,,,,,,,TRUE,,
20650588,karltowns,Karl-Anthony Towns,https://www.instagram.com/karltowns,FALSE,FALSE,TRUE,FALSE,https://scontent-ort2-2.cdninstagram.com/vp/2c0611d1bc0da5dfc95773c2ff133f92/5D5AEFE5/t51.2885-19/s150x150/47316774_751315275245709_6823041757173776384_n.jpg?_nc_ht=scontent-ort2-2.cdninstagram.com,,,,,,,,,TRUE,,
24761723,luoldeng9,Luol Deng,https://www.instagram.com/luoldeng9,FALSE,FALSE,TRUE,FALSE,https://scontent-ort2-2.cdninstagram.com/vp/3c781ec82a47820872c0bd91fcbdf62f/5D62D3BF/t51.2885-19/11357721_802563059859552_436042328_a.jpg?_nc_ht=scontent-ort2-2.cdninstagram.com,,,,,,,,,TRUE,,
286980344,ikennaopara,Ike Opara,https://www.instagram.com/ikennaopara,FALSE,FALSE,TRUE,FALSE,https://scontent-ort2-2.cdninstagram.com/vp/34fdd9f9ef35de570da827b5d1d826c0/5D52FD63/t51.2885-19/11356620_995999187118710_526934717_a.jpg?_nc_ht=scontent-ort2-2.cdninstagram.com,,,,,,,,,TRUE,,
24380018,brittani_jai,,https://www.instagram.com/brittani_jai,FALSE,FALSE,TRUE,FALSE,https://scontent-ort2-2.cdninstagram.com/vp/0899d7992039e5f06536bf9b2bd7a7c5/5D5439ED/t51.2885-19/s150x150/12346138_138900163148150_2017650668_a.jpg?_nc_ht=scontent-ort2-2.cdninstagram.com,,,,,,,,,FALSE,,
4948232215,jasonwilliams55,Jason Williams,https://www.instagram.com/jasonwilliams55,FALSE,FALSE,TRUE,FALSE,https://scontent-ort2-2.cdninstagram.com/vp/095ba39e2cb3a88db5f1b86b8aa03749/5D75B065/t51.2885-19/s150x150/42112229_1104206076414463_4723605272658968576_n.jpg?_nc_ht=scontent-ort2-2.cdninstagram.com,,,,,,,,,TRUE,,
35910550,itssimmba,Tiaunna Moore,https://www.instagram.com/itssimmba,FALSE,FALSE,TRUE,FALSE,https://scontent-ort2-2.cdninstagram.com/vp/90ff6228a36fb7b283d8f95fd4a5e812/5D5F50C0/t51.2885-19/s150x150/46247679_2138484069524692_8176691749519884288_n.jpg?_nc_ht=scontent-ort2-2.cdninstagram.com,,,,,,,,,FALSE,,
6846894656,_.cayden.__,Cayden™️,https://www.instagram.com/_.cayden.__,FALSE,FALSE,TRUE,FALSE,https://scontent-ort2-2.cdninstagram.com/vp/6808f767f935c309b05becb217110fa8/5D6935AB/t51.2885-19/s150x150/56472558_375913399669102_1878944515784441856_n.jpg?_nc_ht=scontent-ort2-2.cdninstagram.com,,,,,,,,,FALSE,,
905880630,thehoodsfinest,Request I Accept Instantly,https://www.instagram.com/thehoodsfinest,FALSE,FALSE,TRUE,FALSE,https://scontent-ort2-2.cdninstagram.com/vp/7c3106321c0203473ee7795ea9ceefbc/5D548283/t51.2885-19/s150x150/50291437_230240461110559_850413368673042432_n.jpg?_nc_ht=scontent-ort2-2.cdninstagram.com,,,,,,,,,FALSE,,
278880259,callme_nonstop,Josh Okogie,https://www.instagram.com/callme_nonstop,FALSE,FALSE,TRUE,FALSE,https://scontent-ort2-2.cdninstagram.com/vp/d9aa7ea16b41e8cda62f4e7f8f56a0e5/5D600157/t51.2885-19/s150x150/40032577_258672944974151_5038130439324172288_n.jpg?_nc_ht=scontent-ort2-2.cdninstagram.com,,,,,,,,,TRUE,,
8407323,alainataughtyou,Alaina A. Anderson,https://www.instagram.com/alainataughtyou,FALSE,FALSE,TRUE,FALSE,https://scontent-ort2-2.cdninstagram.com/vp/f202b8c7750f4e52980dbeb471ed8a16/5D7712F4/t51.2885-19/s150x150/14624415_280149589054718_486907823733604352_a.jpg?_nc_ht=scontent-ort2-2.cdninstagram.com,,,,,,,,,FALSE,,
29249916,iamryanmcdaniel,Ryan McDaniel,https://www.instagram.com/iamryanmcdaniel,FALSE,FALSE,TRUE,FALSE,https://scontent-ort2-2.cdninstagram.com/vp/19d7177870857813756547895c31dc61/5D5703EF/t51.2885-19/s150x150/47583973_535430293624384_3752340247355064320_n.jpg?_nc_ht=scontent-ort2-2.cdninstagram.com,,,,,,,,,FALSE,,
1725432788,dynastyl91,D Y N A S T Y,https://www.instagram.com/dynastyl91,FALSE,FALSE,TRUE,FALSE,https://scontent-ort2-2.cdninstagram.com/vp/c0c63728009ed68184e9a2c15db25662/5D577153/t51.2885-19/s150x150/55945316_437669716803859_1998720545100660736_n.jpg?_nc_ht=scontent-ort2-2.cdninstagram.com,,,,,,,,,FALSE,,
4464981,sunnieheng,🌞SH,https://www.instagram.com/sunnieheng,FALSE,FALSE,TRUE,FALSE,https://scontent-ort2-2.cdninstagram.com/vp/3e534aa83f20f6e2a9af4740d0fd81d2/5D62F1CB/t51.2885-19/s150x150/52385049_964252653964826_6468398688271073280_n.jpg?_nc_ht=scontent-ort2-2.cdninstagram.com,,,,,,,,,FALSE,,
306626904,ds17_fg,DS17,https://www.instagram.com/ds17_fg,FALSE,FALSE,TRUE,FALSE,https://scontent-ort2-2.cdninstagram.com/vp/ea950488e3f68991ca8e46ea72d9ab19/5D765AFE/t51.2885-19/s150x150/53246932_463668880837366_9187849393141710848_n.jpg?_nc_ht=scontent-ort2-2.cdninstagram.com,,,,,,,,,TRUE,,
13516273,yungfresh,Anthony Morrow,https://www.instagram.com/yungfresh,FALSE,FALSE,TRUE,FALSE,https://scontent-ort2-2.cdninstagram.com/vp/e08ca2d8e7333cb2f73d754b7ca76bb9/5D58D80E/t51.2885-19/s150x150/43227129_2253234144920096_7734672918214344704_n.jpg?_nc_ht=scontent-ort2-2.cdninstagram.com,,,,,,,,,TRUE,,
522897827,shifty_sheferaw,Nathan Sheferaw🇪🇹,https://www.instagram.com/shifty_sheferaw,FALSE,FALSE,TRUE,FALSE,https://scontent-ort2-2.cdninstagram.com/vp/93c4a6557f7190ef94747bfedcdc1eb0/5D68E863/t51.2885-19/s150x150/56842924_422252311666235_4267988072383119360_n.jpg?_nc_ht=scontent-ort2-2.cdninstagram.com,,,,,,,,,FALSE,,
5987830287,neveah2009,Neveah,https://www.instagram.com/neveah2009,FALSE,FALSE,TRUE,FALSE,https://scontent-ort2-2.cdninstagram.com/vp/400a922177d541569f33c93da9484ead/5D5756A9/t51.2885-19/s150x150/41466545_282859679215146_210770301665935360_n.jpg?_nc_ht=scontent-ort2-2.cdninstagram.com,,,,,,,,,FALSE,,
7773351839,kurthead19,Kurt Head,https://www.instagram.com/kurthead19,FALSE,FALSE,TRUE,FALSE,https://scontent-ort2-2.cdninstagram.com/vp/16161b752b7807cbaa8261b27f4c10d6/5D60524B/t51.2885-19/s150x150/56697171_1086497864868402_5308509655788421120_n.jpg?_nc_ht=scontent-ort2-2.cdninstagram.com,,,,,,,,,FALSE,,
53905292,brittaney2bexact,,https://www.instagram.com/brittaney2bexact,FALSE,FALSE,TRUE,FALSE,https://scontent-ort2-2.cdninstagram.com/vp/77a374fb022d011141a77c96a21d6f28/5D71DA2A/t51.2885-19/s150x150/57488053_1288894391251660_8123810643292717056_n.jpg?_nc_ht=scontent-ort2-2.cdninstagram.com,,,,,,,,,FALSE,,
458091895,shaynewick21,Shayne Whittington,https://www.instagram.com/shaynewick21,FALSE,FALSE,TRUE,FALSE,https://scontent-ort2-2.cdninstagram.com/vp/f63fd238f982c1b0efb7454dacb4070f/5D60B279/t51.2885-19/s150x150/49771687_322413968608326_4643255561356312576_n.jpg?_nc_ht=scontent-ort2-2.cdninstagram.com,,,,,,,,,TRUE,,
961742563,imjustme_20,JM,https://www.instagram.com/imjustme_20,FALSE,FALSE,TRUE,FALSE,https://scontent-ort2-2.cdninstagram.com/vp/729fdc46f93d91f92ff9c68bcd903538/5D61D6AF/t51.2885-19/s150x150/53080304_569142623570587_4660706206753488896_n.jpg?_nc_ht=scontent-ort2-2.cdninstagram.com,,,,,,,,,FALSE,,
3724579870,henny2x_,Henny,https://www.instagram.com/henny2x_,FALSE,FALSE,TRUE,FALSE,https://scontent-ort2-2.cdninstagram.com/vp/73bc939e635810e5f56962906bd226ab/5D613F66/t51.2885-19/s150x150/53824280_419652985477294_9155021467744731136_n.jpg?_nc_ht=scontent-ort2-2.cdninstagram.com,,,,,,,,,FALSE,,
2001935570,5280cryo,5280 Cryo,https://www.instagram.com/5280cryo,FALSE,FALSE,TRUE,FALSE,https://scontent-ort2-2.cdninstagram.com/vp/3fb67073547f28ddec205c16c5746a09/5D7806E5/t51.2885-19/s150x150/11252036_383668605167176_1206635539_a.jpg?_nc_ht=scontent-ort2-2.cdninstagram.com,,,,,,,,,FALSE,,
26456655,gillie_da_king,KING GILLIE,https://www.instagram.com/gillie_da_king,FALSE,FALSE,TRUE,FALSE,https://scontent-ort2-2.cdninstagram.com/vp/66faafd03567f1b3d3cff41e080deff9/5D6F6796/t51.2885-19/s150x150/27575539_163483197785524_7379117916085551104_n.jpg?_nc_ht=scontent-ort2-2.cdninstagram.com,,,,,,,,,TRUE,,
6936964476,james16johnson_,James Johnson,https://www.instagram.com/james16johnson_,FALSE,FALSE,TRUE,FALSE,https://scontent-ort2-2.cdninstagram.com/vp/a6959a14c9c29154023726b72fc975bd/5D77D7EA/t51.2885-19/s150x150/37367509_358609868007836_5530817841634213888_n.jpg?_nc_ht=scontent-ort2-2.cdninstagram.com,,,,,,,,,TRUE,,
478447649,kkorv26,Kyle Korver,https://www.instagram.com/kkorv26,FALSE,FALSE,TRUE,FALSE,https://scontent-ort2-2.cdninstagram.com/vp/b2d8c94d0c041b7d58e87c1b49fc045c/5D5C69F3/t51.2885-19/s150x150/47361175_324576754809006_7151919209893593088_n.jpg?_nc_ht=scontent-ort2-2.cdninstagram.com,,,,,,,,,TRUE,,
38554475,1tyus,Tyus Jones,https://www.instagram.com/1tyus,FALSE,FALSE,TRUE,FALSE,https://scontent-ort2-2.cdninstagram.com/vp/d3261148422e98ed609879e6e9510a4e/5D531CDC/t51.2885-19/s150x150/50929708_2071455389818679_7012020588780716032_n.jpg?_nc_ht=scontent-ort2-2.cdninstagram.com,,,,,,,,,TRUE,,
55923986,mrmakeitlukez,Darius Adams,https://www.instagram.com/mrmakeitlukez,FALSE,FALSE,TRUE,FALSE,https://scontent-ort2-2.cdninstagram.com/vp/14c3562e24e19d24a7d13045f751580d/5D64C431/t51.2885-19/s150x150/53848843_312641542783389_8450384705051688960_n.jpg?_nc_ht=scontent-ort2-2.cdninstagram.com,,,,,,,,,TRUE,,
176076401,rbfor3,Rob Blackwell,https://www.instagram.com/rbfor3,FALSE,FALSE,TRUE,FALSE,https://scontent-ort2-2.cdninstagram.com/vp/df5903d43e8e6057ee7fee503492879c/5D5A2716/t51.2885-19/11371295_523285037818481_308507404_a.jpg?_nc_ht=scontent-ort2-2.cdninstagram.com,,,,,,,,,FALSE,,
15417086,rocnation,Roc Nation,https://www.instagram.com/rocnation,FALSE,FALSE,TRUE,FALSE,https://scontent-ort2-2.cdninstagram.com/vp/e1868765d17c54e10165d72884c9fa05/5D657E76/t51.2885-19/s150x150/13768169_158565264565895_1137153183_a.jpg?_nc_ht=scontent-ort2-2.cdninstagram.com,,,,,,,,,TRUE,,
242155780,vegas_jones,,https://www.instagram.com/vegas_jones,FALSE,FALSE,TRUE,FALSE,https://scontent-ort2-2.cdninstagram.com/vp/797ba1494cd586bcdd1013c3c8a115b6/5D6165A3/t51.2885-19/s150x150/56945082_433123514165190_7903861648622878720_n.jpg?_nc_ht=scontent-ort2-2.cdninstagram.com,,,,,,,,,TRUE,,
292572985,gilwillville,J Gil,https://www.instagram.com/gilwillville,FALSE,FALSE,TRUE,FALSE,https://scontent-ort2-2.cdninstagram.com/vp/ec2edbc77f9121d0c31710b2b902243a/5D70C41A/t51.2885-19/s150x150/39598384_280128945926238_3422564910247182336_n.jpg?_nc_ht=scontent-ort2-2.cdninstagram.com,,,,,,,,,FALSE,,
5379495141,bookgregbuck,Gregory Ash-Buck 💹,https://www.instagram.com/bookgregbuck,FALSE,FALSE,TRUE,FALSE,https://scontent-ort2-2.cdninstagram.com/vp/5df86f7ddfef4ae76263fd7c1f056f26/5D618502/t51.2885-19/s150x150/58113816_864795793859775_3444552784865656832_n.jpg?_nc_ht=scontent-ort2-2.cdninstagram.com,,,,,,,,,FALSE,,
4550215225,_gia22,Gia💞,https://www.instagram.com/_gia22,FALSE,FALSE,TRUE,FALSE,https://scontent-ort2-2.cdninstagram.com/vp/a4253a07875e5df1090eb330194f5632/5D6CB0C8/t51.2885-19/s150x150/52736731_481395639061549_8312247213803700224_n.jpg?_nc_ht=scontent-ort2-2.cdninstagram.com,,,,,,,,,FALSE,,
21869267,ana.owens,Ana Owens,https://www.instagram.com/ana.owens,FALSE,FALSE,TRUE,FALSE,https://scontent-ort2-2.cdninstagram.com/vp/aac53eb9f7f90f57f0b70c47de94b64f/5D672B32/t51.2885-19/s150x150/50494066_391185624784565_817220950876487680_n.jpg?_nc_ht=scontent-ort2-2.cdninstagram.com,,,,,,,,,FALSE,,
4007166631,tlc.bad317,Britteny 🧘🏽‍♀️,https://www.instagram.com/tlc.bad317,FALSE,FALSE,TRUE,FALSE,https://scontent-ort2-2.cdninstagram.com/vp/994219d1f871a3b78471d0a510c32eca/5D6652B9/t51.2885-19/s150x150/49388161_2168867229836380_7781137381955993600_n.jpg?_nc_ht=scontent-ort2-2.cdninstagram.com,,,,,,,,,FALSE,,
291714444,12thrill,Will Robinson Bynum,https://www.instagram.com/12thrill,FALSE,FALSE,TRUE,FALSE,https://scontent-ort2-2.cdninstagram.com/vp/aa71c2c6f3c642d2f4790b94a81e1009/5D61D95D/t51.2885-19/s150x150/54247585_263614991235392_5861717751504044032_n.jpg?_nc_ht=scontent-ort2-2.cdninstagram.com,,,,,,,,,TRUE,,
6342612017,teamteague_2022,Team Teague 2022 🏀,https://www.instagram.com/teamteague_2022,FALSE,FALSE,TRUE,FALSE,https://scontent-ort2-2.cdninstagram.com/vp/df657a51222259be3920a387af5f9aee/5D66D6C1/t51.2885-19/s150x150/31709154_375473076281610_6178451819849580544_n.jpg?_nc_ht=scontent-ort2-2.cdninstagram.com,,,,,,,,,FALSE,,
227620115,nikesibande,Nike ️️,https://www.instagram.com/nikesibande,FALSE,FALSE,TRUE,FALSE,https://scontent-ort2-2.cdninstagram.com/vp/ba3dbd7b42b1347ae6c21597f3f6a2dc/5D601066/t51.2885-19/s150x150/47692399_294981881367350_1065915590427803648_n.jpg?_nc_ht=scontent-ort2-2.cdninstagram.com,,,,,,,,,FALSE,,
176574471,ben_sullivan345,Benjamin Sullivan,https://www.instagram.com/ben_sullivan345,FALSE,FALSE,TRUE,FALSE,https://scontent-ort2-2.cdninstagram.com/vp/8802977a99833e749f57422219a4c315/5D6B7B6C/t51.2885-19/s150x150/11417338_1486875788271570_629126831_a.jpg?_nc_ht=scontent-ort2-2.cdninstagram.com,,,,,,,,,FALSE,,
591624026,remyworkouts,Stanley Remy,https://www.instagram.com/remyworkouts,FALSE,FALSE,TRUE,FALSE,https://scontent-ort2-2.cdninstagram.com/vp/24c13322a7c662d406d301e4d922f801/5D56A624/t51.2885-19/s150x150/18251365_962989263803727_8652104935099334656_a.jpg?_nc_ht=scontent-ort2-2.cdninstagram.com,,,,,,,,,FALSE,,
196440263,slamkicks,SLAM x KICKS,https://www.instagram.com/slamkicks,FALSE,FALSE,TRUE,FALSE,https://scontent-ort2-2.cdninstagram.com/vp/17bc71e256bd7db66d204dfe44dff294/5D6706BE/t51.2885-19/s150x150/14482877_401323016922230_7603672610345320448_a.jpg?_nc_ht=scontent-ort2-2.cdninstagram.com,,,,,,,,,TRUE,,
9818523,dcheek23,Dominic Cheek,https://www.instagram.com/dcheek23,FALSE,FALSE,TRUE,FALSE,https://scontent-ort2-2.cdninstagram.com/vp/c1fb76a60b568e1d8de312a6a726462d/5D5133F3/t51.2885-19/s150x150/54511231_429462874484696_7846683831342989312_n.jpg?_nc_ht=scontent-ort2-2.cdninstagram.com,,,,,,,,,FALSE,,
5993827788,thereall.reggie,Reggie Bass,https://www.instagram.com/thereall.reggie,FALSE,FALSE,TRUE,FALSE,https://scontent-ort2-2.cdninstagram.com/vp/1eee274e998fe1c748bb464466ca8856/5D514963/t51.2885-19/s150x150/29404037_1995427107344751_2570339168454443008_n.jpg?_nc_ht=scontent-ort2-2.cdninstagram.com,,,,,,,,,FALSE,,
363106879,dawandj,Dawand Jones,https://www.instagram.com/dawandj,FALSE,FALSE,TRUE,FALSE,https://scontent-ort2-2.cdninstagram.com/vp/b77a89170dae12a7aea5bfe3c811927f/5D60941A/t51.2885-19/s150x150/52912694_315914862614910_6682669418348019712_n.jpg?_nc_ht=scontent-ort2-2.cdninstagram.com,,,,,,,,,FALSE,,
983025184,johnnycash_12,John Jenkins,https://www.instagram.com/johnnycash_12,FALSE,FALSE,TRUE,FALSE,https://scontent-ort2-2.cdninstagram.com/vp/b415224fd0faea6758a061fdeea0ad5b/5D758958/t51.2885-19/s150x150/37907230_2118376931712825_7210971630074331136_n.jpg?_nc_ht=scontent-ort2-2.cdninstagram.com,,,,,,,,,TRUE,,
174998639,mightyjoyoung3,joeyoung00,https://www.instagram.com/mightyjoyoung3,FALSE,FALSE,TRUE,FALSE,https://scontent-ort2-2.cdninstagram.com/vp/4abde795abfa2773b05d6459be232a65/5D519612/t51.2885-19/s150x150/55776574_428603921233242_189022940921069568_n.jpg?_nc_ht=scontent-ort2-2.cdninstagram.com,,,,,,,,,TRUE,,
8624280,traywoodall1,Tray Woodall,https://www.instagram.com/traywoodall1,FALSE,FALSE,TRUE,FALSE,https://scontent-ort2-2.cdninstagram.com/vp/ab1449edefeb0bcaeccbc61a1be2cdef/5D67EF37/t51.2885-19/s150x150/53473820_568934730259211_8236165737920593920_n.jpg?_nc_ht=scontent-ort2-2.cdninstagram.com,,,,,,,,,FALSE,,
1958455468,gmcghee765,Gary McGhee,https://www.instagram.com/gmcghee765,FALSE,FALSE,TRUE,FALSE,https://scontent-ort2-2.cdninstagram.com/vp/9d1142d98c3fc2d922b723d09ce28127/5D6AA14A/t51.2885-19/s150x150/44656192_2230296083878169_6738962060048072704_n.jpg?_nc_ht=scontent-ort2-2.cdninstagram.com,,,,,,,,,FALSE,,
271633200,tdamon32,DT,https://www.instagram.com/tdamon32,FALSE,FALSE,TRUE,FALSE,https://scontent-ort2-2.cdninstagram.com/vp/099e88467c2cc3a3332990be9a934e0a/5D5974A7/t51.2885-19/s150x150/51142227_388561321703417_369739831703502848_n.jpg?_nc_ht=scontent-ort2-2.cdninstagram.com,,,,,,,,,FALSE,,
5786679644,hbg.ledub,,https://www.instagram.com/hbg.ledub,FALSE,FALSE,TRUE,FALSE,https://scontent-ort2-2.cdninstagram.com/vp/ee56a7bdc4806d4e08c6a19b43851d23/5D62BBBC/t51.2885-19/s150x150/49694976_912600718950751_8057844536946196480_n.jpg?_nc_ht=scontent-ort2-2.cdninstagram.com,,,,,,,,,FALSE,,
414648291,tavi06comer,Octavius Comer,https://www.instagram.com/tavi06comer,FALSE,FALSE,TRUE,FALSE,https://scontent-ort2-2.cdninstagram.com/vp/395114ced84f42ffece0d8c92a16ca89/5D58D312/t51.2885-19/s150x150/12959974_1039978206087658_1678579667_a.jpg?_nc_ht=scontent-ort2-2.cdninstagram.com,,,,,,,,,FALSE,,
1262918220,hbg.tay,Tayshawn Comer,https://www.instagram.com/hbg.tay,FALSE,FALSE,TRUE,FALSE,https://scontent-ort2-2.cdninstagram.com/vp/4a1e1720e836d42c4f38453609489168/5D5FF35A/t51.2885-19/s150x150/32010219_123878778481654_2324404217189498880_n.jpg?_nc_ht=scontent-ort2-2.cdninstagram.com,,,,,,,,,FALSE,,
3875475479,french__savage,Kevin Seraphin,https://www.instagram.com/french__savage,FALSE,FALSE,TRUE,FALSE,https://scontent-ort2-2.cdninstagram.com/vp/3bf1e77d610c0b59dfc7df4d181d7d1d/5D60F4D8/t51.2885-19/s150x150/56508854_857181217969188_125483284938358784_n.jpg?_nc_ht=scontent-ort2-2.cdninstagram.com,,,,,,,,,TRUE,,
855141646,317.tone,👑 Antonio 👑,https://www.instagram.com/317.tone,FALSE,FALSE,TRUE,FALSE,https://scontent-ort2-2.cdninstagram.com/vp/44ab1140df1d7328b9600ea175dc6d2c/5D63C085/t51.2885-19/s150x150/54800710_450722879068064_4959397280697286656_n.jpg?_nc_ht=scontent-ort2-2.cdninstagram.com,,,,,,,,,FALSE,,
333571799,youneed_dman,dman_ellis2,https://www.instagram.com/youneed_dman,FALSE,FALSE,TRUE,FALSE,https://scontent-ort2-2.cdninstagram.com/vp/250cd60fe3a7f9e627f0bef5e1ccbc35/5D65377C/t51.2885-19/s150x150/50035339_391252141681151_2216428554684465152_n.jpg?_nc_ht=scontent-ort2-2.cdninstagram.com,,,,,,,,,FALSE,,
32145043,therealshotgunsuge,Fat Papi,https://www.instagram.com/therealshotgunsuge,FALSE,FALSE,TRUE,FALSE,https://scontent-ort2-2.cdninstagram.com/vp/f1a6e01d7f6b128df928b9e06ee011b8/5D5653EF/t51.2885-19/s150x150/54222479_2077881928968352_3306689892351737856_n.jpg?_nc_ht=scontent-ort2-2.cdninstagram.com,,,,,,,,,FALSE,,
7413397,masfresco,Cj Miles,https://www.instagram.com/masfresco,FALSE,FALSE,TRUE,FALSE,https://scontent-ort2-2.cdninstagram.com/vp/2f584926a4d86e899b4860c8ba6702c1/5D63F564/t51.2885-19/s150x150/51528424_2216942875030127_3117066467758047232_n.jpg?_nc_ht=scontent-ort2-2.cdninstagram.com,,,,,,,,,TRUE,,
6628539916,tibbs_gainzgoals,Ronnell Tibbs,https://www.instagram.com/tibbs_gainzgoals,FALSE,FALSE,TRUE,FALSE,https://scontent-ort2-2.cdninstagram.com/vp/50f5f68c09ddcdc94ee20706bc30d994/5D525E28/t51.2885-19/s150x150/45591068_367663147141841_8713101979032748032_n.jpg?_nc_ht=scontent-ort2-2.cdninstagram.com,,,,,,,,,FALSE,,
181473832,tyler_tc_clark,Tyler,https://www.instagram.com/tyler_tc_clark,FALSE,FALSE,TRUE,FALSE,https://scontent-ort2-2.cdninstagram.com/vp/4dad4f23f48c0910a5f282a5e5666863/5D6542C5/t51.2885-19/s150x150/47056918_1962677774038023_747635561488973824_n.jpg?_nc_ht=scontent-ort2-2.cdninstagram.com,,,,,,,,,FALSE,,
232192182,therock,therock,https://www.instagram.com/therock,FALSE,FALSE,TRUE,FALSE,https://scontent-ort2-2.cdninstagram.com/vp/31fe2988ca03c8771f8247ec7aec3957/5D757DFC/t51.2885-19/11850309_1674349799447611_206178162_a.jpg?_nc_ht=scontent-ort2-2.cdninstagram.com,,,,,,,,,TRUE,,
18130330,ao20buckets,Dre Buckets,https://www.instagram.com/ao20buckets,FALSE,FALSE,TRUE,FALSE,https://scontent-ort2-2.cdninstagram.com/vp/6c872fb7ab3ac0ab40420b304023e5c3/5D75260A/t51.2885-19/11371011_522519727896954_174425114_a.jpg?_nc_ht=scontent-ort2-2.cdninstagram.com,,,,,,,,,TRUE,,
831035406,super_dave__,David Smith III,https://www.instagram.com/super_dave__,FALSE,FALSE,TRUE,FALSE,https://scontent-ort2-2.cdninstagram.com/vp/727cfded6ec542cbbbe8513fd8b3af8d/5D739F74/t51.2885-19/s150x150/36054633_514359238982016_1315753709187104768_n.jpg?_nc_ht=scontent-ort2-2.cdninstagram.com,,,,,,,,,FALSE,,
7436807126,darealshawn24,DarealShawn24,https://www.instagram.com/darealshawn24,FALSE,FALSE,TRUE,FALSE,https://scontent-ort2-2.cdninstagram.com/vp/cb6e9548ced71867c8e84d40bcf85078/5D5D3E7B/t51.2885-19/s150x150/33172012_1911615018869545_3413091780055269376_n.jpg?_nc_ht=scontent-ort2-2.cdninstagram.com,,,,,,,,,FALSE,,
27720856,babydookie,babydookie,https://www.instagram.com/babydookie,FALSE,FALSE,TRUE,FALSE,https://scontent-ort2-2.cdninstagram.com/vp/6274ecca3e514e94919e8a08594078f5/5D758A0C/t51.2885-19/s150x150/14607158_863146373789007_6131864691841957888_a.jpg?_nc_ht=scontent-ort2-2.cdninstagram.com,,,,,,,,,FALSE,,
6550423,hello_brooklynn22,B👑,https://www.instagram.com/hello_brooklynn22,FALSE,FALSE,TRUE,FALSE,https://scontent-ort2-2.cdninstagram.com/vp/720c3ec3c0404c2e856ba186814f18a6/5D60BE27/t51.2885-19/s150x150/50716182_786001855111207_7798377578250633216_n.jpg?_nc_ht=scontent-ort2-2.cdninstagram.com,,,,,,,,,FALSE,,
8174195,chiefhasarrived,Al-Farouq Aminu,https://www.instagram.com/chiefhasarrived,FALSE,FALSE,TRUE,FALSE,https://scontent-ort2-2.cdninstagram.com/vp/affee5d41fb34998ca116ecde99e0455/5D5D359D/t51.2885-19/s150x150/21041611_1407936752617337_7913420136994832384_a.jpg?_nc_ht=scontent-ort2-2.cdninstagram.com,,,,,,,,,TRUE,,
2870334706,iamsinceregermany,Sincere Germany,https://www.instagram.com/iamsinceregermany,FALSE,FALSE,TRUE,FALSE,https://scontent-ort2-2.cdninstagram.com/vp/88322af4a147960b0d25ed0e3f013efc/5D58DDD7/t51.2885-19/s150x150/47691300_467394953788647_5693601955465658368_n.jpg?_nc_ht=scontent-ort2-2.cdninstagram.com,,,,,,,,,FALSE,,
1184683939,jaylanmitchell34,Jaylan Mitchell,https://www.instagram.com/jaylanmitchell34,FALSE,FALSE,TRUE,FALSE,https://scontent-ort2-2.cdninstagram.com/vp/aa7fc28a07aff9a73743c9afa42c91e4/5D565D41/t51.2885-19/s150x150/36148996_256944688396923_8057918242879963136_n.jpg?_nc_ht=scontent-ort2-2.cdninstagram.com,,,,,,,,,FALSE,,
29305689,glennrob3,Glenn Robinson III,https://www.instagram.com/glennrob3,FALSE,FALSE,TRUE,FALSE,https://scontent-ort2-2.cdninstagram.com/vp/7f627c3b3e1ec833a2efe587835eb913/5D704D23/t51.2885-19/s150x150/49339774_338149506785962_524320515049914368_n.jpg?_nc_ht=scontent-ort2-2.cdninstagram.com,,,,,,,,,TRUE,,
1131977693,mia__k7,M I A,https://www.instagram.com/mia__k7,FALSE,FALSE,TRUE,FALSE,https://scontent-ort2-2.cdninstagram.com/vp/d479cbb53c59546300c47c709f83249c/5D75891D/t51.2885-19/s150x150/39378699_274105266535773_252219106894282752_n.jpg?_nc_ht=scontent-ort2-2.cdninstagram.com,,,,,,,,,FALSE,,
7023108703,ak47_kingg,AK 🏀,https://www.instagram.com/ak47_kingg,FALSE,FALSE,TRUE,FALSE,https://scontent-ort2-2.cdninstagram.com/vp/f7ebb9416201d9a2164783727d9d2d6e/5D5AEAEC/t51.2885-19/s150x150/54429296_276342409912871_4177885993589800960_n.jpg?_nc_ht=scontent-ort2-2.cdninstagram.com,,,,,,,,,FALSE,,
7172479584,melo5x,Mᴇʟᴏ ひ,https://www.instagram.com/melo5x,FALSE,FALSE,TRUE,FALSE,https://scontent-ort2-2.cdninstagram.com/vp/714587f797a54ad9b23867fd50f03327/5D545F6D/t51.2885-19/s150x150/57088321_324170931552390_7974497698680143872_n.jpg?_nc_ht=scontent-ort2-2.cdninstagram.com,,,,,,,,,FALSE,,
4053795402,jrob0_,Justin Roberts,https://www.instagram.com/jrob0_,FALSE,FALSE,TRUE,FALSE,https://scontent-ort2-2.cdninstagram.com/vp/26df8f5b74e16436959b37f5d8df9905/5D6828E9/t51.2885-19/s150x150/45321180_308949846372142_2947372065079951360_n.jpg?_nc_ht=scontent-ort2-2.cdninstagram.com,,,,,,,,,FALSE,,
7856346638,jaycebrewer09,Jayce Brewer,https://www.instagram.com/jaycebrewer09,FALSE,FALSE,TRUE,FALSE,https://scontent-ort2-2.cdninstagram.com/vp/e12abce8fb6e32b654cb5a762d747baf/5D67A324/t51.2885-19/s150x150/33172043_197886280853281_7970155753031860224_n.jpg?_nc_ht=scontent-ort2-2.cdninstagram.com,,,,,,,,,FALSE,,
2216979725,acrosseas,,https://www.instagram.com/acrosseas,FALSE,FALSE,TRUE,FALSE,https://scontent-ort2-2.cdninstagram.com/vp/87c052bb3d3924006ae7e2e8cc15974d/5D5CF822/t51.2885-19/s150x150/36148147_226131308010705_6600125348124295168_n.jpg?_nc_ht=scontent-ort2-2.cdninstagram.com,,,,,,,,,FALSE,,
11944283,lilbobbyfresh2,Lil Bobby Fresh,https://www.instagram.com/lilbobbyfresh2,FALSE,FALSE,TRUE,FALSE,https://scontent-ort2-2.cdninstagram.com/vp/b35ec26a2eb0f8a036f21ef635613c0c/5D53A11F/t51.2885-19/s150x150/17881417_1254617511302755_8755369284768628736_a.jpg?_nc_ht=scontent-ort2-2.cdninstagram.com,,,,,,,,,FALSE,,
7809842978,moss_sherman,sherman moss,https://www.instagram.com/moss_sherman,FALSE,FALSE,TRUE,FALSE,https://scontent-ort2-2.cdninstagram.com/vp/374e83113601e1b3e2a38b05e5cb2323/5D725B0B/t51.2885-19/s150x150/32089017_157490475104186_1270413809617469440_n.jpg?_nc_ht=scontent-ort2-2.cdninstagram.com,,,,,,,,,FALSE,,
7872736413,ian_fresh_30,Aka Juice Man🔥💯,https://www.instagram.com/ian_fresh_30,FALSE,FALSE,TRUE,FALSE,https://scontent-ort2-2.cdninstagram.com/vp/7a2036715de612e6d4a4b91495b7b98b/5D5775C7/t51.2885-19/s150x150/55894866_659724014481359_1580146351126085632_n.jpg?_nc_ht=scontent-ort2-2.cdninstagram.com,,,,,,,,,FALSE,,
2919097087,tvmcg233022,Jamel Barnes,https://www.instagram.com/tvmcg233022,FALSE,FALSE,TRUE,FALSE,https://scontent-ort2-2.cdninstagram.com/vp/efdd957268b4980cfcdb9e2bb5125892/5D64CCD5/t51.2885-19/s150x150/18380292_224280011395040_587328363887067136_a.jpg?_nc_ht=scontent-ort2-2.cdninstagram.com,,,,,,,,,FALSE,,
55846538,jordanfrmgigfam,JG,https://www.instagram.com/jordanfrmgigfam,FALSE,FALSE,TRUE,FALSE,https://scontent-ort2-2.cdninstagram.com/vp/4b309c1c6f8e292b12957091c4ea1b11/5D5E5084/t51.2885-19/s150x150/52474753_299637700717594_339565513195651072_n.jpg?_nc_ht=scontent-ort2-2.cdninstagram.com,,,,,,,,,FALSE,,
7874239129,mike_bibby_10,Mike Bibby,https://www.instagram.com/mike_bibby_10,FALSE,FALSE,TRUE,FALSE,https://scontent-ort2-2.cdninstagram.com/vp/7b670392845446f666dbfbe9430a61ff/5D58DD0C/t51.2885-19/s150x150/33124971_312227479312628_3570783432768225280_n.jpg?_nc_ht=scontent-ort2-2.cdninstagram.com,,,,,,,,,TRUE,,
1328547011,cickostoilko,Antic Pero Official Instagram,https://www.instagram.com/cickostoilko,FALSE,FALSE,TRUE,FALSE,https://scontent-ort2-2.cdninstagram.com/vp/7d4a870ee474a26f5ab67af1106a3995/5D5CAFB0/t51.2885-19/s150x150/29717292_102589960584982_280819985608081408_n.jpg?_nc_ht=scontent-ort2-2.cdninstagram.com,,,,,,,,,TRUE,,
336312727,tay.mamba,Taylor Hall️️🇲🇦,https://www.instagram.com/tay.mamba,FALSE,FALSE,TRUE,FALSE,https://scontent-ort2-2.cdninstagram.com/vp/5813b7f023721f24d37a4ba1b750cb6d/5D52254E/t51.2885-19/s150x150/36584462_406802353172606_5190545548620333056_n.jpg?_nc_ht=scontent-ort2-2.cdninstagram.com,,,,,,,,,FALSE,,
7207937429,money_killa500,🏀Ballislife🏀,https://www.instagram.com/money_killa500,FALSE,FALSE,TRUE,FALSE,https://scontent-ort2-2.cdninstagram.com/vp/b40452c228ebf1aabce642d82cb8aa94/5D5E3517/t51.2885-19/s150x150/28765243_1425128974263888_4991834385545166848_n.jpg?_nc_ht=scontent-ort2-2.cdninstagram.com,,,,,,,,,FALSE,,
39701403,jphillippe21,,https://www.instagram.com/jphillippe21,FALSE,FALSE,TRUE,FALSE,https://scontent-ort2-2.cdninstagram.com/vp/6b54ea0b1d856dcec8ad1a0c05f64e93/5D6DD4E0/t51.2885-19/s150x150/43913800_357341355034685_2117189555739164672_n.jpg?_nc_ht=scontent-ort2-2.cdninstagram.com,,,,,,,,,FALSE,,
2888335574,adthebarber317,ADthebarber317💈🦁,https://www.instagram.com/adthebarber317,FALSE,FALSE,TRUE,FALSE,https://scontent-ort2-2.cdninstagram.com/vp/1fbb5bd73f2ea6356f37fe1b2dce6a05/5D6B0B3E/t51.2885-19/s150x150/19050826_829550570534173_1267655388346449920_a.jpg?_nc_ht=scontent-ort2-2.cdninstagram.com,,,,,,,,,FALSE,,
23808948,starlitogrindhard,LITO,https://www.instagram.com/starlitogrindhard,FALSE,FALSE,TRUE,FALSE,https://scontent-ort2-2.cdninstagram.com/vp/6cff4573a6dad1afc2686eaa1472f553/5D7406E9/t51.2885-19/s150x150/41451758_264788107488360_1181971658374643712_n.jpg?_nc_ht=scontent-ort2-2.cdninstagram.com,,,,,,,,,TRUE,,
1422324813,jalenblackmon1,𝗝𝗕1 ★,https://www.instagram.com/jalenblackmon1,FALSE,FALSE,TRUE,FALSE,https://scontent-ort2-2.cdninstagram.com/vp/1d8f468f704814905d8892fd4d86a172/5D5DF6A2/t51.2885-19/s150x150/51926125_544746199357676_3929697786517258240_n.jpg?_nc_ht=scontent-ort2-2.cdninstagram.com,,,,,,,,,FALSE,,
50354366,ebonydawn85,Ebony,https://www.instagram.com/ebonydawn85,FALSE,FALSE,TRUE,FALSE,https://scontent-ort2-2.cdninstagram.com/vp/25fe018c49359f04195bb6b0543f25e2/5D6BF0A9/t51.2885-19/11375402_1217702394922437_1991174795_a.jpg?_nc_ht=scontent-ort2-2.cdninstagram.com,,,,,,,,,FALSE,,
7047857541,meyerorbach,Meyer Orbach,https://www.instagram.com/meyerorbach,FALSE,FALSE,TRUE,FALSE,https://scontent-ort2-2.cdninstagram.com/vp/6517324e94b5965fa08be0018f81b62e/5D71A6BA/t51.2885-19/s150x150/26864479_570329639969275_7664153562418511872_n.jpg?_nc_ht=scontent-ort2-2.cdninstagram.com,,,,,,,,,TRUE,,
261963696,kyle.riley,Kyle Riley,https://www.instagram.com/kyle.riley,FALSE,FALSE,TRUE,FALSE,https://scontent-ort2-2.cdninstagram.com/vp/73c9d3bdbac3bf2846ee0a9bfd34e507/5D5984FF/t51.2885-19/s150x150/41440879_467174973788481_2657909510055657472_n.jpg?_nc_ht=scontent-ort2-2.cdninstagram.com,,,,,,,,,FALSE,,
13993048,mr_megasports,Blake Riley,https://www.instagram.com/mr_megasports,FALSE,FALSE,TRUE,FALSE,https://scontent-ort2-2.cdninstagram.com/vp/9cbc73c62af644773c420063620e99d1/5D6EB583/t51.2885-19/s150x150/50138743_768794500157351_6138819274686332928_n.jpg?_nc_ht=scontent-ort2-2.cdninstagram.com,,,,,,,,,FALSE,,
2009023895,mrs.smclark,SC,https://www.instagram.com/mrs.smclark,FALSE,FALSE,TRUE,FALSE,https://scontent-ort2-2.cdninstagram.com/vp/322b71c39471e9e3d9be8e383ad8feb8/5D6E5B92/t51.2885-19/s150x150/56786372_580053895812413_2550001145393184768_n.jpg?_nc_ht=scontent-ort2-2.cdninstagram.com,,,,,,,,,FALSE,,
7146922052,brittany_teague_armstrong,Brittany Teague,https://www.instagram.com/brittany_teague_armstrong,FALSE,FALSE,TRUE,FALSE,https://scontent-ort2-2.cdninstagram.com/vp/aed26c5c80affa68cec8a9cead361042/5D754DED/t51.2885-19/s150x150/33686459_212149302732198_7323309652207206400_n.jpg?_nc_ht=scontent-ort2-2.cdninstagram.com,,,,,,,,,FALSE,,
25033314,twoshotonee,Anthony Brown,https://www.instagram.com/twoshotonee,FALSE,FALSE,TRUE,FALSE,https://scontent-ort2-2.cdninstagram.com/vp/8be5af8d53f7e5ab3586373ecdf9b755/5D701E0E/t51.2885-19/s150x150/47690060_2304856189743887_6411940999567769600_n.jpg?_nc_ht=scontent-ort2-2.cdninstagram.com,,,,,,,,,TRUE,,
2159762770,im.erica.nicole,E,https://www.instagram.com/im.erica.nicole,FALSE,FALSE,TRUE,FALSE,https://scontent-ort2-2.cdninstagram.com/vp/5c4d2b5195fd93786407754393696158/5D6210B7/t51.2885-19/s150x150/50522555_2085040761541538_2655083859661553664_n.jpg?_nc_ht=scontent-ort2-2.cdninstagram.com,,,,,,,,,FALSE,,
3234787858,_giomo,G I O M O,https://www.instagram.com/_giomo,FALSE,FALSE,TRUE,FALSE,https://scontent-ort2-2.cdninstagram.com/vp/8ade78cfb7e74f0945f6a15edf321f7a/5D6EE6EB/t51.2885-19/s150x150/42872492_1889220437827233_8822070431818186752_n.jpg?_nc_ht=scontent-ort2-2.cdninstagram.com,,,,,,,,,FALSE,,
4346668405,makeitmakesense_,Preacher Pauly,https://www.instagram.com/makeitmakesense_,FALSE,FALSE,TRUE,FALSE,https://scontent-ort2-2.cdninstagram.com/vp/07d17f12643947e8a8526f6140a11736/5D70CE14/t51.2885-19/s150x150/45578278_2109589212688067_1870000323699933184_n.jpg?_nc_ht=scontent-ort2-2.cdninstagram.com,,,,,,,,,FALSE,,
2956006006,devdemetries,@dbo_rsf_,https://www.instagram.com/devdemetries,FALSE,FALSE,TRUE,FALSE,https://scontent-ort2-2.cdninstagram.com/vp/577f31066e8a4006e6cb40b412cf5f73/5D5518E6/t51.2885-19/s150x150/39978823_2340984172779600_6570679692293046272_n.jpg?_nc_ht=scontent-ort2-2.cdninstagram.com,,,,,,,,,FALSE,,
3713143232,etwaun_55,E'Twaun Moore,https://www.instagram.com/etwaun_55,FALSE,FALSE,TRUE,FALSE,https://scontent-ort2-2.cdninstagram.com/vp/1f9540935ee8a2d9a71ee423eac8c78f/5D6EF549/t51.2885-19/s150x150/24174984_155063825108710_8696665074766446592_n.jpg?_nc_ht=scontent-ort2-2.cdninstagram.com,,,,,,,,,TRUE,,
22672985,akeemakway,Akeem Akway,https://www.instagram.com/akeemakway,FALSE,FALSE,TRUE,FALSE,https://scontent-ort2-2.cdninstagram.com/vp/491a03311462ccf7a2df19e5649b6d58/5D5A2C03/t51.2885-19/s150x150/42346835_179574486277682_2828398155265998848_n.jpg?_nc_ht=scontent-ort2-2.cdninstagram.com,,,,,,,,,FALSE,,
12793727,indianageorge3,George Hill,https://www.instagram.com/indianageorge3,FALSE,FALSE,TRUE,FALSE,https://scontent-ort2-2.cdninstagram.com/vp/1bdb260745bd72700624093992f2915d/5D6A582B/t51.2885-19/s150x150/51742131_411559086085079_8964238019729031168_n.jpg?_nc_ht=scontent-ort2-2.cdninstagram.com,,,,,,,,,TRUE,,
762761891,kelovesu,K Evans,https://www.instagram.com/kelovesu,FALSE,FALSE,TRUE,FALSE,https://scontent-ort2-2.cdninstagram.com/vp/cf1d3f4c5c28e7f2537f2a6df4417fbc/5D6D0DA9/t51.2885-19/11925530_472127616283691_1207383_a.jpg?_nc_ht=scontent-ort2-2.cdninstagram.com,,,,,,,,,FALSE,,
46714935,evanturner,evan turner,https://www.instagram.com/evanturner,FALSE,FALSE,TRUE,FALSE,https://scontent-ort2-2.cdninstagram.com/vp/5663a0ae498202239e4b8b1348ab6513/5D77228F/t51.2885-19/s150x150/12357886_568521736648021_1557626366_a.jpg?_nc_ht=scontent-ort2-2.cdninstagram.com,,,,,,,,,TRUE,,
30311117,___steveo___,Steve-O,https://www.instagram.com/___steveo___,FALSE,FALSE,TRUE,FALSE,https://scontent-ort2-2.cdninstagram.com/vp/70a549044a90443461a965c5db0d54f3/5D5B0DE3/t51.2885-19/s150x150/37879954_244060739556813_5314430916746018816_n.jpg?_nc_ht=scontent-ort2-2.cdninstagram.com,,,,,,,,,FALSE,,
480779369,chrisjohnsonhoops,Chris Johnson/ NBA Trainer,https://www.instagram.com/chrisjohnsonhoops,FALSE,FALSE,TRUE,FALSE,https://scontent-ort2-2.cdninstagram.com/vp/a4c33e9988f722b76383ab1e2f86d260/5D76D9F8/t51.2885-19/s150x150/40379542_2027151074264419_3825991261374906368_n.jpg?_nc_ht=scontent-ort2-2.cdninstagram.com,,,,,,,,,FALSE,,
1474471423,julyan_stone2,Julyan Stone,https://www.instagram.com/julyan_stone2,FALSE,FALSE,TRUE,FALSE,https://scontent-ort2-2.cdninstagram.com/vp/2e756f5e416a51d61e49da414762bf95/5D51F4F5/t51.2885-19/s150x150/46356152_801891910149220_6086925710289534976_n.jpg?_nc_ht=scontent-ort2-2.cdninstagram.com,,,,,,,,,FALSE,,
346543157,gorguidieng,Gorgui Dieng,https://www.instagram.com/gorguidieng,FALSE,FALSE,TRUE,FALSE,https://scontent-ort2-2.cdninstagram.com/vp/317aa0872aada170b7482d3fb04f5831/5D6400F4/t51.2885-19/11821730_114397918906436_1751148306_a.jpg?_nc_ht=scontent-ort2-2.cdninstagram.com,,,,,,,,,TRUE,,
254000590,pretti_lil_o_me23,Jelly Rolls Ent,https://www.instagram.com/pretti_lil_o_me23,FALSE,FALSE,TRUE,FALSE,https://scontent-ort2-2.cdninstagram.com/vp/c3421bda5e822b00a1c3eca55dfc4002/5D5ACDA8/t51.2885-19/s150x150/51736009_596591790807466_8095467402487136256_n.jpg?_nc_ht=scontent-ort2-2.cdninstagram.com,,,,,,,,,FALSE,,
38227820,desmith4,Dennis Smith Jr.,https://www.instagram.com/desmith4,FALSE,FALSE,TRUE,FALSE,https://scontent-ort2-2.cdninstagram.com/vp/63a8f6654231989a92129b5131320b53/5D6180EC/t51.2885-19/s150x150/51978539_508320109698129_7812807259615920128_n.jpg?_nc_ht=scontent-ort2-2.cdninstagram.com,,,,,,,,,TRUE,,
46337289,22wiggins,Andrew Wiggins,https://www.instagram.com/22wiggins,FALSE,FALSE,TRUE,FALSE,https://scontent-ort2-2.cdninstagram.com/vp/ab205da07f732efbbf7244ea24609091/5D6ADF38/t51.2885-19/s150x150/57122352_858596174489046_5041138625828356096_n.jpg?_nc_ht=scontent-ort2-2.cdninstagram.com,,,,,,,,,TRUE,,
700701681,montana2prettylove,TOO PRETTY PROMOTIONS,https://www.instagram.com/montana2prettylove,FALSE,FALSE,TRUE,FALSE,https://scontent-ort2-2.cdninstagram.com/vp/0080dfc082758d34400712d2e6553125/5D681BAB/t51.2885-19/s150x150/40220552_267235240594404_7156759749705334784_n.jpg?_nc_ht=scontent-ort2-2.cdninstagram.com,,,,,,,,,FALSE,,
23013258,courty_b,courty_b,https://www.instagram.com/courty_b,FALSE,FALSE,TRUE,FALSE,https://scontent-ort2-2.cdninstagram.com/vp/efda5c0206ad656e2fcf35778bed3d38/5D52CB25/t51.2885-19/11379752_364040423805135_1894765756_a.jpg?_nc_ht=scontent-ort2-2.cdninstagram.com,,,,,,,,,FALSE,,
6022682547,flybreezie,~B~,https://www.instagram.com/flybreezie,FALSE,FALSE,TRUE,FALSE,https://scontent-ort2-2.cdninstagram.com/vp/903f2299613a4354cb346f3b0307ffe8/5D6302F0/t51.2885-19/s150x150/21479810_483205575379055_2636204875645452288_a.jpg?_nc_ht=scontent-ort2-2.cdninstagram.com,,,,,,,,,FALSE,,
257250381,zsneakerheadz,zSneakerHeadz,https://www.instagram.com/zsneakerheadz,FALSE,FALSE,TRUE,FALSE,https://scontent-ort2-2.cdninstagram.com/vp/c5c6c32634e3c57fe56be0e08732f65a/5D73518F/t51.2885-19/s150x150/26396336_747568468771602_887744185027788800_n.jpg?_nc_ht=scontent-ort2-2.cdninstagram.com,,,,,,,,,FALSE,,
4316544149,mzack35,Mark🎸☔️,https://www.instagram.com/mzack35,FALSE,FALSE,TRUE,FALSE,https://scontent-ort2-2.cdninstagram.com/vp/6a44f27acb953f55fc188e3190e314fb/5D6FE66D/t51.2885-19/s150x150/59376187_1216152628540936_7702107973664899072_n.jpg?_nc_ht=scontent-ort2-2.cdninstagram.com,,,,,,,,,FALSE,,
181940723,bigzack_72,bigzack_72,https://www.instagram.com/bigzack_72,FALSE,FALSE,TRUE,FALSE,https://scontent-ort2-2.cdninstagram.com/vp/54962e856c0a2e155858ea10b6f92556/5D6C85AC/t51.2885-19/11849938_864966490253640_442356297_a.jpg?_nc_ht=scontent-ort2-2.cdninstagram.com,,,,,,,,,FALSE,,
5408632185,d1trainingindy,D1 Training - Indianapolis,https://www.instagram.com/d1trainingindy,FALSE,FALSE,TRUE,FALSE,https://scontent-ort2-2.cdninstagram.com/vp/46484347a54b22e904151346bb605e46/5D5DAC2D/t51.2885-19/s150x150/18251855_234888250323508_6947731280616226816_a.jpg?_nc_ht=scontent-ort2-2.cdninstagram.com,,,,,,,,,FALSE,,
31452996,dsteve92,Deshawn Stevenson,https://www.instagram.com/dsteve92,FALSE,FALSE,TRUE,FALSE,https://scontent-ort2-2.cdninstagram.com/vp/12daf02adaa815f2760844243a8ff94e/5D74A41E/t51.2885-19/s150x150/53201536_408639226379963_8961084177998938112_n.jpg?_nc_ht=scontent-ort2-2.cdninstagram.com,,,,,,,,,TRUE,,
5496672275,thefactoryindy,THE FACTORY INDIANAPOLIS,https://www.instagram.com/thefactoryindy,FALSE,FALSE,TRUE,FALSE,https://scontent-ort2-2.cdninstagram.com/vp/ca24e73432ae2910f1a2729fe76bdfc0/5D73F51F/t51.2885-19/s150x150/29402618_792518077613000_772767717240340480_n.jpg?_nc_ht=scontent-ort2-2.cdninstagram.com,,,,,,,,,FALSE,,
365591506,coachbattle21,Jeff Battle,https://www.instagram.com/coachbattle21,FALSE,FALSE,TRUE,FALSE,https://scontent-ort2-2.cdninstagram.com/vp/b9dd501afa5c1f03b13347dcb3d313f4/5D60B2BC/t51.2885-19/11909975_1629210787351371_2145141293_a.jpg?_nc_ht=scontent-ort2-2.cdninstagram.com,,,,,,,,,FALSE,,
15532103,take2tiff,Tiff Any,https://www.instagram.com/take2tiff,FALSE,FALSE,TRUE,FALSE,https://scontent-ort2-2.cdninstagram.com/vp/1d7988bfa7939421dfe6b0e81ca4783b/5D716A68/t51.2885-19/s150x150/17077282_750194388478514_8971833136816062464_a.jpg?_nc_ht=scontent-ort2-2.cdninstagram.com,,,,,,,,,FALSE,,
268098118,paulmillsap4,Paul Millsap,https://www.instagram.com/paulmillsap4,FALSE,FALSE,TRUE,FALSE,https://scontent-ort2-2.cdninstagram.com/vp/4a99033040ee4add11580ed6e583d027/5D6A4BAD/t51.2885-19/s150x150/54731545_654552355003620_8032356972651085824_n.jpg?_nc_ht=scontent-ort2-2.cdninstagram.com,,,,,,,,,TRUE,,
185794424,coachlepore,Mike Lepore,https://www.instagram.com/coachlepore,FALSE,FALSE,TRUE,FALSE,https://scontent-ort2-2.cdninstagram.com/vp/ad4877737dd0e1f3e64ecc597c4ba328/5D5F3762/t51.2885-19/s150x150/21820007_124267631629553_5322769419657543680_n.jpg?_nc_ht=scontent-ort2-2.cdninstagram.com,,,,,,,,,FALSE,,
37449412,georgesniang,Georges Niang,https://www.instagram.com/georgesniang,FALSE,FALSE,TRUE,FALSE,https://scontent-ort2-2.cdninstagram.com/vp/2a72fd21dd4a475d08357b262e68b7d2/5D670185/t51.2885-19/s150x150/28433631_192760281323322_5906277895466123264_n.jpg?_nc_ht=scontent-ort2-2.cdninstagram.com,,,,,,,,,TRUE,,
5937316,lexie_riley2,Lexie🍍🌺,https://www.instagram.com/lexie_riley2,FALSE,FALSE,TRUE,FALSE,https://scontent-ort2-2.cdninstagram.com/vp/8798bf8becfc85620c73d4ad499af98f/5D5D9161/t51.2885-19/s150x150/32095369_1229819890486174_3858793593061769216_n.jpg?_nc_ht=scontent-ort2-2.cdninstagram.com,,,,,,,,,FALSE,,
1477624626,beautiful_is_dalila,Dalila Hambrite-Elliott,https://www.instagram.com/beautiful_is_dalila,FALSE,FALSE,TRUE,FALSE,https://scontent-ort2-2.cdninstagram.com/vp/5b72496da383d9017a5f6bb273941dc4/5D5C9C09/t51.2885-19/s150x150/30603462_1914334151934249_1067249517075628032_n.jpg?_nc_ht=scontent-ort2-2.cdninstagram.com,,,,,,,,,FALSE,,
182571558,mellaisbeautiful,mell mell,https://www.instagram.com/mellaisbeautiful,FALSE,FALSE,TRUE,FALSE,https://scontent-ort2-2.cdninstagram.com/vp/93b48d43a5a374c771e8371d0f6a8ce4/5D62FB60/t51.2885-19/s150x150/52832682_336739356970557_7443021205474377728_n.jpg?_nc_ht=scontent-ort2-2.cdninstagram.com,,,,,,,,,FALSE,,
3061861070,23isback_com._,23isBACK.com,https://www.instagram.com/23isback_com._,FALSE,FALSE,TRUE,FALSE,https://scontent-ort2-2.cdninstagram.com/vp/660335e667c891f2db618b235aa19b75/5D52154E/t51.2885-19/s150x150/13098939_253291778356616_1519341540_a.jpg?_nc_ht=scontent-ort2-2.cdninstagram.com,,,,,,,,,FALSE,,
18233239,louwillville,Lou Williams,https://www.instagram.com/louwillville,FALSE,FALSE,TRUE,FALSE,https://scontent-ort2-2.cdninstagram.com/vp/0cba0a55ab1902968de29e34900b4ab8/5D7697D9/t51.2885-19/s150x150/54513962_270805730523913_6264563027916357632_n.jpg?_nc_ht=scontent-ort2-2.cdninstagram.com,,,,,,,,,TRUE,,
428131142,coachmuse,Mike Muse,https://www.instagram.com/coachmuse,FALSE,FALSE,TRUE,FALSE,https://scontent-ort2-2.cdninstagram.com/vp/cda45d0f433e311cc0d0aba650a0401d/5D6C2AC2/t51.2885-19/11875474_1240026646023427_928002041_a.jpg?_nc_ht=scontent-ort2-2.cdninstagram.com,,,,,,,,,FALSE,,
1417758112,bho52,B-Ho,https://www.instagram.com/bho52,FALSE,FALSE,TRUE,FALSE,https://scontent-ort2-2.cdninstagram.com/vp/d9eb339bd90db3127cc808ecdcf1645e/5D6DFB46/t51.2885-19/s150x150/11356896_769982069781416_1540573501_a.jpg?_nc_ht=scontent-ort2-2.cdninstagram.com,,,,,,,,,FALSE,,
15544702,24baze,Kent Bazemore,https://www.instagram.com/24baze,FALSE,FALSE,TRUE,FALSE,https://scontent-ort2-2.cdninstagram.com/vp/cc3f486880eeea88c574172fbac8120a/5D536AC3/t51.2885-19/s150x150/42109484_496582890818400_4541343834327482368_n.jpg?_nc_ht=scontent-ort2-2.cdninstagram.com,,,,,,,,,TRUE,,
400341059,rakeemchristmas,尺卂Ҝ乇乇爪 “尺ㄖ匚” 匚卄尺丨丂ㄒ爪卂丂,https://www.instagram.com/rakeemchristmas,FALSE,FALSE,TRUE,FALSE,https://scontent-ort2-2.cdninstagram.com/vp/bb6b0703c2c1cfec8709a81dde133545/5D75101D/t51.2885-19/s150x150/56365860_276883116532945_3498573444700700672_n.jpg?_nc_ht=scontent-ort2-2.cdninstagram.com,,,,,,,,,TRUE,,
315021933,antdawg65,Anthony Averitte Sr.,https://www.instagram.com/antdawg65,FALSE,FALSE,TRUE,FALSE,https://scontent-ort2-2.cdninstagram.com/vp/fae6e319b4059b46a830c1cf44ab39de/5D5B09DA/t51.2885-19/11856769_421397281386290_979649374_a.jpg?_nc_ht=scontent-ort2-2.cdninstagram.com,,,,,,,,,FALSE,,
19385279,jcs_steeelow,jcs_steeelow,https://www.instagram.com/jcs_steeelow,FALSE,FALSE,TRUE,FALSE,https://scontent-ort2-2.cdninstagram.com/vp/195fa9957eacf1ff3ec199def1b17b49/5D5EDAC8/t51.2885-19/s150x150/37982617_1845878975500323_723491158021373952_n.jpg?_nc_ht=scontent-ort2-2.cdninstagram.com,,,,,,,,,FALSE,,
23172737,yakclub_mixaveli,Jeremy Mixon,https://www.instagram.com/yakclub_mixaveli,FALSE,FALSE,TRUE,FALSE,https://scontent-ort2-2.cdninstagram.com/vp/5a4ea37f7c2635a2b4849382e6a457ed/5D70F419/t51.2885-19/s150x150/53421274_2167241006921238_4371088345711771648_n.jpg?_nc_ht=scontent-ort2-2.cdninstagram.com,,,,,,,,,FALSE,,
14443222,shelvin.mack,Shelvin Mack,https://www.instagram.com/shelvin.mack,FALSE,FALSE,TRUE,FALSE,https://scontent-ort2-2.cdninstagram.com/vp/094cc8b1c29ccd5d37c42c56607562c5/5D530E21/t51.2885-19/s150x150/41872718_2382361715123812_2536783383539744768_n.jpg?_nc_ht=scontent-ort2-2.cdninstagram.com,,,,,,,,,TRUE,,
594917418,rudogg_back,Ru,https://www.instagram.com/rudogg_back,FALSE,FALSE,TRUE,FALSE,https://scontent-ort2-2.cdninstagram.com/vp/1595c548dd4fce15136fe1ac4c721293/5D546ACA/t51.2885-19/s150x150/42866300_791408931220370_6690709429622407168_n.jpg?_nc_ht=scontent-ort2-2.cdninstagram.com,,,,,,,,,FALSE,,
23641120,knuckd5,Deonta Vaughn,https://www.instagram.com/knuckd5,FALSE,FALSE,TRUE,FALSE,https://scontent-ort2-2.cdninstagram.com/vp/8944d665578db3a86ba25ac9a8b6c041/5D5B2B9A/t51.2885-19/s150x150/28154106_429986514099054_5519456343171268608_n.jpg?_nc_ht=scontent-ort2-2.cdninstagram.com,,,,,,,,,FALSE,,
13361190,leaguebound23,leaguebound23,https://www.instagram.com/leaguebound23,FALSE,FALSE,TRUE,FALSE,https://scontent-ort2-2.cdninstagram.com/vp/5626d01f63cd2be4f97c291e81bfd444/5D63FA22/t51.2885-19/s150x150/53584786_651628418622392_2607825200632299520_n.jpg?_nc_ht=scontent-ort2-2.cdninstagram.com,,,,,,,,,FALSE,,
1551712907,__law.of.attraction,SK,https://www.instagram.com/__law.of.attraction,FALSE,FALSE,TRUE,FALSE,https://scontent-ort2-2.cdninstagram.com/vp/472707206f2ccfa79cd6368f5c1c3f7f/5D6AF997/t51.2885-19/s150x150/31705152_216139665829695_8363071159545102336_n.jpg?_nc_ht=scontent-ort2-2.cdninstagram.com,,,,,,,,,FALSE,,
231136928,a_lee007,a_lee007,https://www.instagram.com/a_lee007,FALSE,FALSE,TRUE,FALSE,https://scontent-ort2-2.cdninstagram.com/vp/b2b30f14e08feb6d1f9f871f66b38d9f/5D6E625D/t51.2885-19/11848923_955649831144930_2107294420_a.jpg?_nc_ht=scontent-ort2-2.cdninstagram.com,,,,,,,,,FALSE,,
1734657735,jr_hensley,J.R. Hensley,https://www.instagram.com/jr_hensley,FALSE,FALSE,TRUE,FALSE,https://scontent-ort2-2.cdninstagram.com/vp/27df41db3e636e6103f490e8e79a9dc0/5D633094/t51.2885-19/11055882_846808982032001_117367224_a.jpg?_nc_ht=scontent-ort2-2.cdninstagram.com,,,,,,,,,FALSE,,
19154734,gk317,,https://www.instagram.com/gk317,FALSE,FALSE,TRUE,FALSE,https://scontent-ort2-2.cdninstagram.com/vp/177d9db3c6a26af46d45957d88b5dbe2/5D7549D1/t51.2885-19/s150x150/40802423_336924477048278_5981544401304813568_n.jpg?_nc_ht=scontent-ort2-2.cdninstagram.com,,,,,,,,,FALSE,,
315675929,gmoney2423,Guy Scott,https://www.instagram.com/gmoney2423,FALSE,FALSE,TRUE,FALSE,https://scontent-ort2-2.cdninstagram.com/vp/ec04c2b16c34677c58241111cebc9c3c/5D58F8F2/t51.2885-19/s150x150/13696499_168558460223124_1865204881_a.jpg?_nc_ht=scontent-ort2-2.cdninstagram.com,,,,,,,,,FALSE,,
593822771,__2muucchh,Axel FOLEY,https://www.instagram.com/__2muucchh,FALSE,FALSE,TRUE,FALSE,https://scontent-ort2-2.cdninstagram.com/vp/e4b2437c8de6140fd76588b8e58dc20b/5D52B6BF/t51.2885-19/s150x150/56883687_467067704115973_8465401568575881216_n.jpg?_nc_ht=scontent-ort2-2.cdninstagram.com,,,,,,,,,FALSE,,
199637470,kiingbiino,ii,https://www.instagram.com/kiingbiino,FALSE,FALSE,TRUE,FALSE,https://scontent-ort2-2.cdninstagram.com/vp/48beac189ac67246dad9061cd5296634/5D67B97B/t51.2885-19/s150x150/11380258_319396411517418_1177456204_a.jpg?_nc_ht=scontent-ort2-2.cdninstagram.com,,,,,,,,,FALSE,,
46975935,kookevbaby,Kookev,https://www.instagram.com/kookevbaby,FALSE,FALSE,TRUE,FALSE,https://scontent-ort2-2.cdninstagram.com/vp/8877a5556111d43653a3d51cc9b42374/5D76E517/t51.2885-19/s150x150/26262219_178425876239013_56764220519219200_n.jpg?_nc_ht=scontent-ort2-2.cdninstagram.com,,,,,,,,,FALSE,,
1512647105,collinshomboy,William Collins,https://www.instagram.com/collinshomboy,FALSE,FALSE,TRUE,FALSE,https://scontent-ort2-2.cdninstagram.com/vp/404cc2183f623f83acc09d0449a335b1/5D5BE475/t51.2885-19/s150x150/24253739_382317685544976_1749879236711153664_n.jpg?_nc_ht=scontent-ort2-2.cdninstagram.com,,,,,,,,,FALSE,,
16261338,baseketballer22,baseketballer22,https://www.instagram.com/baseketballer22,FALSE,FALSE,TRUE,FALSE,https://scontent-ort2-2.cdninstagram.com/vp/e17e01b30ebaba1a7a0447eeeb47883e/5D5327A6/t51.2885-19/s150x150/43984859_277282082975247_674811839774720000_n.jpg?_nc_ht=scontent-ort2-2.cdninstagram.com,,,,,,,,,FALSE,,
203727420,mikescottva,Mike Scott,https://www.instagram.com/mikescottva,FALSE,FALSE,TRUE,FALSE,https://scontent-ort2-2.cdninstagram.com/vp/5eecfefe151a535000e73a418f6e57be/5D7545FF/t51.2885-19/s150x150/57751222_390271028483572_3587746311614496768_n.jpg?_nc_ht=scontent-ort2-2.cdninstagram.com,,,,,,,,,TRUE,,
10733526,alhorford,Al Horford,https://www.instagram.com/alhorford,FALSE,FALSE,TRUE,FALSE,https://scontent-ort2-2.cdninstagram.com/vp/78cb2c20acdb6282dc7b4cd160a75956/5D6CB5BC/t51.2885-19/11251647_1649394062004948_1580526454_a.jpg?_nc_ht=scontent-ort2-2.cdninstagram.com,,,,,,,,,TRUE,,
204937381,flightclub,Flight Club,https://www.instagram.com/flightclub,FALSE,FALSE,TRUE,FALSE,https://scontent-ort2-2.cdninstagram.com/vp/32298229a5ac6730d4e9136bd0f0e96e/5D72ACE4/t51.2885-19/s150x150/50533388_576955792753037_8425413752307843072_n.jpg?_nc_ht=scontent-ort2-2.cdninstagram.com,,,,,,,,,TRUE,,
21061879,solecollector,Sole Collector,https://www.instagram.com/solecollector,FALSE,FALSE,TRUE,FALSE,https://scontent-ort2-2.cdninstagram.com/vp/7826514ce74ed00fd6e67fb35e57475e/5D6DC1FA/t51.2885-19/11910278_145456029125461_1332036321_a.jpg?_nc_ht=scontent-ort2-2.cdninstagram.com,,,,,,,,,TRUE,,
1073532165,4bigphil,,https://www.instagram.com/4bigphil,FALSE,FALSE,TRUE,FALSE,https://scontent-ort2-2.cdninstagram.com/vp/771e7ecc91ffd2e548b33835204013a5/5D5404B9/t51.2885-19/s150x150/54277561_587084611757448_2591284899323314176_n.jpg?_nc_ht=scontent-ort2-2.cdninstagram.com,,,,,,,,,FALSE,,
596451758,iambiancachelle,,https://www.instagram.com/iambiancachelle,FALSE,FALSE,TRUE,FALSE,https://scontent-ort2-2.cdninstagram.com/vp/4698ca3e7a687a19fa5ccfc7f652beeb/5D561F56/t51.2885-19/s150x150/17126214_178523062651282_4658343240301281280_a.jpg?_nc_ht=scontent-ort2-2.cdninstagram.com,,,,,,,,,FALSE,,
184084509,tfreefor3,Tommy Freeman,https://www.instagram.com/tfreefor3,FALSE,FALSE,TRUE,FALSE,https://scontent-ort2-2.cdninstagram.com/vp/fddc99ab755e8975afc0e6783e40beab/5D7724AF/t51.2885-19/s150x150/44691813_498132494000499_8050856041040052224_n.jpg?_nc_ht=scontent-ort2-2.cdninstagram.com,,,,,,,,,FALSE,,
37714136,outthepearlys,Brandon Hendricks,https://www.instagram.com/outthepearlys,FALSE,FALSE,TRUE,FALSE,https://scontent-ort2-2.cdninstagram.com/vp/5c8559275ee08031cdb7ca93185fe789/5D6138F9/t51.2885-19/s150x150/21042201_1925429407725439_1664714102565502976_a.jpg?_nc_ht=scontent-ort2-2.cdninstagram.com,,,,,,,,,FALSE,,
16389033,sneakernews,Sneaker News,https://www.instagram.com/sneakernews,FALSE,FALSE,TRUE,FALSE,https://scontent-ort2-2.cdninstagram.com/vp/29e7c1648241f33a346a486ac0b7fd68/5D5A0994/t51.2885-19/11195746_1424992457817984_1568211163_a.jpg?_nc_ht=scontent-ort2-2.cdninstagram.com,,,,,,,,,TRUE,,
1382564043,battlerapbars,Battle Rap Source / Media,https://www.instagram.com/battlerapbars,FALSE,FALSE,TRUE,FALSE,https://scontent-ort2-2.cdninstagram.com/vp/2eb9c59d36a51b8ba4416fbfeb96c576/5D7071A9/t51.2885-19/s150x150/57319903_291170365135811_3967773633668972544_n.jpg?_nc_ht=scontent-ort2-2.cdninstagram.com,,,,,,,,,FALSE,,
1698776079,battlebars101,🔥 Bars 🔥 #BattleRapAboveAll,https://www.instagram.com/battlebars101,FALSE,FALSE,TRUE,FALSE,https://scontent-ort2-2.cdninstagram.com/vp/6172f1fbcdaffcf729ed29e979a66ba8/5D774928/t51.2885-19/s150x150/12543354_1078721578845246_1516640362_a.jpg?_nc_ht=scontent-ort2-2.cdninstagram.com,,,,,,,,,FALSE,,
31878544,ceotriche,ceotriche™ ©,https://www.instagram.com/ceotriche,FALSE,FALSE,TRUE,FALSE,https://scontent-ort2-2.cdninstagram.com/vp/5045eeb7f96c50b6f9fbce43f624c4c6/5D5930EB/t51.2885-19/s150x150/39075494_1506851389460618_8176153783391223808_n.jpg?_nc_ht=scontent-ort2-2.cdninstagram.com,,,,,,,,,FALSE,,
54180189,fingercreations,#MOREART,https://www.instagram.com/fingercreations,FALSE,FALSE,TRUE,FALSE,https://scontent-ort2-2.cdninstagram.com/vp/12cf5dabc52ff06459b654140f4ecf92/5D62938C/t51.2885-19/s150x150/54731642_279200966340039_4519429794491793408_n.jpg?_nc_ht=scontent-ort2-2.cdninstagram.com,,,,,,,,,FALSE,,
25242716,markbattles317,Mark Battles (Toni Vasi),https://www.instagram.com/markbattles317,FALSE,FALSE,TRUE,FALSE,https://scontent-ort2-2.cdninstagram.com/vp/7700bb41110e1dbea1e809a05ace4582/5D67529D/t51.2885-19/s150x150/50908536_2237103193220396_943731510387671040_n.jpg?_nc_ht=scontent-ort2-2.cdninstagram.com,,,,,,,,,TRUE,,
11444111,unbilliveable,Coach Byl Bill,https://www.instagram.com/unbilliveable,FALSE,FALSE,TRUE,FALSE,https://scontent-ort2-2.cdninstagram.com/vp/49363c61fa03c3b30ba65a964f3e868d/5D7395B4/t51.2885-19/s150x150/58669838_841554916206990_8156747519125094400_n.jpg?_nc_ht=scontent-ort2-2.cdninstagram.com,,,,,,,,,FALSE,,
22327734,made_myway,Coach Brad,https://www.instagram.com/made_myway,FALSE,FALSE,TRUE,FALSE,https://scontent-ort2-2.cdninstagram.com/vp/c385b8a143a4b4dd28000e22ea6f7123/5D613ED7/t51.2885-19/s150x150/42640756_145939709687773_6282003803478687744_n.jpg?_nc_ht=scontent-ort2-2.cdninstagram.com,,,,,,,,,FALSE,,
14192183,mr_iaintshit,mr_iaintshit,https://www.instagram.com/mr_iaintshit,FALSE,FALSE,TRUE,FALSE,https://scontent-ort2-2.cdninstagram.com/vp/eb7d51ee9bf2caf48ac19c1ebef0cae4/5D75BA4A/t51.2885-19/s150x150/28766385_210634636187113_2497951390215700480_n.jpg?_nc_ht=scontent-ort2-2.cdninstagram.com,,,,,,,,,FALSE,,
304943200,_buckcoe,Big Buck,https://www.instagram.com/_buckcoe,FALSE,FALSE,TRUE,FALSE,https://scontent-ort2-2.cdninstagram.com/vp/e1c50d080e19cc1266e68e211223f81b/5D68C22E/t51.2885-19/s150x150/47583170_1221069421383852_8938587177957195776_n.jpg?_nc_ht=scontent-ort2-2.cdninstagram.com,,,,,,,,,FALSE,,
12866568,hunter_games31,RJ Hunter,https://www.instagram.com/hunter_games31,FALSE,FALSE,TRUE,FALSE,https://scontent-ort2-2.cdninstagram.com/vp/b749a8650e70ef598d3ae13eae8f94da/5D6627A7/t51.2885-19/s150x150/47690560_762978567434966_3934450769125703680_n.jpg?_nc_ht=scontent-ort2-2.cdninstagram.com,,,,,,,,,TRUE,,
909521980,defroinc,David Defro Dixon,https://www.instagram.com/defroinc,FALSE,FALSE,TRUE,FALSE,https://scontent-ort2-2.cdninstagram.com/vp/be88f2de776c517442ad8b0fd55a2108/5D73B7AE/t51.2885-19/s150x150/22638706_130521060940860_7466432071477493760_n.jpg?_nc_ht=scontent-ort2-2.cdninstagram.com,,,,,,,,,FALSE,,
1683073098,philhogan_,Phil Hogan,https://www.instagram.com/philhogan_,FALSE,FALSE,TRUE,FALSE,https://scontent-ort2-2.cdninstagram.com/vp/97885da2fc2f5155feca2128604a3f68/5D519A38/t51.2885-19/s150x150/50165329_2196898210575802_397906978849947648_n.jpg?_nc_ht=scontent-ort2-2.cdninstagram.com,,,,,,,,,FALSE,,
43890195,syd_.mcdaniel,Syd_.McDaniel,https://www.instagram.com/syd_.mcdaniel,FALSE,FALSE,TRUE,FALSE,https://scontent-ort2-2.cdninstagram.com/vp/112f9778beed1c75ede436acaef4032a/5D5E5F82/t51.2885-19/s150x150/15099424_188563661602533_1353421143603675136_a.jpg?_nc_ht=scontent-ort2-2.cdninstagram.com,,,,,,,,,FALSE,,
239739743,bubby_dub,antwain weeden,https://www.instagram.com/bubby_dub,FALSE,FALSE,TRUE,FALSE,https://scontent-ort2-2.cdninstagram.com/vp/0850c59a04557b5149cec9692d980fdf/5D67A60D/t51.2885-19/s150x150/14549999_849791948490466_567473430157328384_a.jpg?_nc_ht=scontent-ort2-2.cdninstagram.com,,,,,,,,,FALSE,,
12741259,dom_sosa,D O M i N i C,https://www.instagram.com/dom_sosa,FALSE,FALSE,TRUE,FALSE,https://scontent-ort2-2.cdninstagram.com/vp/3aa1adae2ee6f89d374e3485b9a95ff7/5D6DBC0C/t51.2885-19/s150x150/12393623_607493679391716_1306101507_a.jpg?_nc_ht=scontent-ort2-2.cdninstagram.com,,,,,,,,,FALSE,,
41967695,courtneylee,Courtney Lee,https://www.instagram.com/courtneylee,FALSE,FALSE,TRUE,FALSE,https://scontent-ort2-2.cdninstagram.com/vp/cf55158a9b0f3b3b7000631ad5dc16a8/5D600BEB/t51.2885-19/s150x150/29415070_628282600852569_2037133134868250624_n.jpg?_nc_ht=scontent-ort2-2.cdninstagram.com,,,,,,,,,TRUE,,
13862856,bswift317,B Swift,https://www.instagram.com/bswift317,FALSE,FALSE,TRUE,FALSE,https://scontent-ort2-2.cdninstagram.com/vp/c344e34e8e5805a014bafef00bbff49f/5D57A99B/t51.2885-19/s150x150/26406892_199654293919352_8416418639091073024_n.jpg?_nc_ht=scontent-ort2-2.cdninstagram.com,,,,,,,,,FALSE,,
412512103,t_mckinney3,Tyson McKinney,https://www.instagram.com/t_mckinney3,FALSE,FALSE,TRUE,FALSE,https://scontent-ort2-2.cdninstagram.com/vp/fa64deea8e6b23292b04890956107c2c/5D67CB02/t51.2885-19/s150x150/42003028_245158936166243_6066975758998306816_n.jpg?_nc_ht=scontent-ort2-2.cdninstagram.com,,,,,,,,,FALSE,,
1640670922,lil_veah_1,Nevaeh Jackson,https://www.instagram.com/lil_veah_1,FALSE,FALSE,TRUE,FALSE,https://scontent-ort2-2.cdninstagram.com/vp/33fd1f3206c37a8f090db3f7617a433d/5D65BAF4/t51.2885-19/11008042_474103449405398_1044207830_a.jpg?_nc_ht=scontent-ort2-2.cdninstagram.com,,,,,,,,,FALSE,,
30717362,made_hu,b i g H U⛹🏾,https://www.instagram.com/made_hu,FALSE,FALSE,TRUE,FALSE,https://scontent-ort2-2.cdninstagram.com/vp/29c8969bf8ffd91cecc34d4ab894c794/5D62FA57/t51.2885-19/s150x150/56494478_453085285443423_63840595751206912_n.jpg?_nc_ht=scontent-ort2-2.cdninstagram.com,,,,,,,,,FALSE,,
1181831666,mr_whodafuk_ru,Keenan Frm Da Westside 😎💸💰,https://www.instagram.com/mr_whodafuk_ru,FALSE,FALSE,TRUE,FALSE,https://scontent-ort2-2.cdninstagram.com/vp/68baac9da7be8ad75c7efbeac127a82e/5D6BD092/t51.2885-19/s150x150/39199930_451660078673379_8179422541266288640_n.jpg?_nc_ht=scontent-ort2-2.cdninstagram.com,,,,,,,,,FALSE,,
1647595440,johnbudenholzer,John Budenholzer,https://www.instagram.com/johnbudenholzer,FALSE,FALSE,TRUE,FALSE,https://scontent-ort2-2.cdninstagram.com/vp/69fa0be71d54eee2da1519ab04f441b0/5D698EC0/t51.2885-19/s150x150/28153698_897415720418655_8982870708845543424_n.jpg?_nc_ht=scontent-ort2-2.cdninstagram.com,,,,,,,,,FALSE,,
315713887,zoecuts,Zoe,https://www.instagram.com/zoecuts,FALSE,FALSE,TRUE,FALSE,https://scontent-ort2-2.cdninstagram.com/vp/da1ab35dc0aae511ca9a206ce122a0b3/5D654F80/t51.2885-19/s150x150/11809989_1783679395192148_1978939042_a.jpg?_nc_ht=scontent-ort2-2.cdninstagram.com,,,,,,,,,FALSE,,
473052069,6malc_,Malcolm 🎈,https://www.instagram.com/6malc_,FALSE,FALSE,TRUE,FALSE,https://scontent-ort2-2.cdninstagram.com/vp/7bc4b41e18d811e804f9e079f83c6e8a/5D5BCD77/t51.2885-19/s150x150/54513693_164078051175513_3813475838343512064_n.jpg?_nc_ht=scontent-ort2-2.cdninstagram.com,,,,,,,,,FALSE,,
373050646,teamteague,Team Teague,https://www.instagram.com/teamteague,FALSE,FALSE,TRUE,FALSE,https://scontent-ort2-2.cdninstagram.com/vp/b756c251c823abd68c78b38faad73b12/5D50D3D1/t51.2885-19/s150x150/14474289_536447293224644_6260908319985106944_a.jpg?_nc_ht=scontent-ort2-2.cdninstagram.com,,,,,,,,,FALSE,,
985149977,ladii_t007,Being Thun Stamps,https://www.instagram.com/ladii_t007,FALSE,FALSE,TRUE,FALSE,https://scontent-ort2-2.cdninstagram.com/vp/acb50d305a5a35d5982ee821fbab7e0a/5D719843/t51.2885-19/s150x150/32063891_183555608967165_4936869855107219456_n.jpg?_nc_ht=scontent-ort2-2.cdninstagram.com,,,,,,,,,FALSE,,
9343504,worldwide__flee,,https://www.instagram.com/worldwide__flee,FALSE,FALSE,TRUE,FALSE,https://scontent-ort2-2.cdninstagram.com/vp/89fb8612b04379d2012dc26370563807/5D524348/t51.2885-19/s150x150/12141824_954202104646404_2028662627_a.jpg?_nc_ht=scontent-ort2-2.cdninstagram.com,,,,,,,,,FALSE,,
1332509096,teegs_vip,Teeg,https://www.instagram.com/teegs_vip,FALSE,FALSE,TRUE,FALSE,https://scontent-ort2-2.cdninstagram.com/vp/c39fe9c0c8955d1e29098d5af3cf732c/5D582847/t51.2885-19/10349727_630608643695016_831221804_a.jpg?_nc_ht=scontent-ort2-2.cdninstagram.com,,,,,,,,,FALSE,,
1058211025,marquisteague12,Marquis Teague,https://www.instagram.com/marquisteague12,FALSE,FALSE,TRUE,FALSE,https://scontent-ort2-2.cdninstagram.com/vp/dbdf90932568931cc486e40371c6b096/5D561EEA/t51.2885-19/s150x150/57364880_457679291640378_4090970810594885632_n.jpg?_nc_ht=scontent-ort2-2.cdninstagram.com,,,,,,,,,TRUE,,
308218116,madephilco,Phil_Co,https://www.instagram.com/madephilco,FALSE,FALSE,TRUE,FALSE,https://scontent-ort2-2.cdninstagram.com/vp/981b3aeaa0a54ab41f317ed4038b7680/5D63A842/t51.2885-19/s150x150/29401463_915504621943584_7883974201990709248_n.jpg?_nc_ht=scontent-ort2-2.cdninstagram.com,,,,,,,,,FALSE,,
285602459,childrensatl,Children's Healthcare of ATL,https://www.instagram.com/childrensatl,FALSE,FALSE,TRUE,FALSE,https://scontent-ort2-2.cdninstagram.com/vp/59b830690782f8b87370396fcb69e19c/5D50B1EF/t51.2885-19/s150x150/38626383_1647499568691869_5970423167607373824_n.jpg?_nc_ht=scontent-ort2-2.cdninstagram.com,,,,,,,,,FALSE,,
