id,username,full_name,user_profile,followed_by_viewer,requested_by_viewer,user_follows,user_followed_by,profile_pic_url,profile_pic_url_hd,is_private,follows_count,followed_by_count,media_count,latestPostDate,follows_viewer,biography,is_verified,is_business_account,business_category_name
9617327,stephensonlance,Lance Stephenson,https://www.instagram.com/stephensonlance,FALSE,FALSE,TRUE,FALSE,https://scontent-ort2-2.cdninstagram.com/vp/35a6d1a10d4517628df049a6c8c33ab6/5D565D90/t51.2885-19/s150x150/42872852_1741791362596176_59062418864603136_n.jpg?_nc_ht=scontent-ort2-2.cdninstagram.com,,,,,,,,,TRUE,,
224490747,_britneylh,Britney ❤️,https://www.instagram.com/_britneylh,FALSE,FALSE,TRUE,FALSE,https://scontent-ort2-2.cdninstagram.com/vp/b1d7bd632496812c7acaeed4970e3626/5D56FDCF/t51.2885-19/s150x150/11917991_407152456142065_435859451_a.jpg?_nc_ht=scontent-ort2-2.cdninstagram.com,,,,,,,,,FALSE,,
1580613865,marcedeslewis,M A R C E D E S  L E W I S,https://www.instagram.com/marcedeslewis,FALSE,FALSE,TRUE,FALSE,https://scontent-ort2-2.cdninstagram.com/vp/f8f6eb1847c39749cbdf0c496c76005b/5D775D90/t51.2885-19/s150x150/54512253_1080497595469326_4126108964540645376_n.jpg?_nc_ht=scontent-ort2-2.cdninstagram.com,,,,,,,,,TRUE,,
15532971,iambarondavis,Baron Davis,https://www.instagram.com/iambarondavis,FALSE,FALSE,TRUE,FALSE,https://scontent-ort2-2.cdninstagram.com/vp/dd34bdf9bda4457434f26e403c9cceed/5D587614/t51.2885-19/s150x150/56280062_356061225251922_8805843147725733888_n.jpg?_nc_ht=scontent-ort2-2.cdninstagram.com,,,,,,,,,TRUE,,
24183202,matrix31,matrix31,https://www.instagram.com/matrix31,FALSE,FALSE,TRUE,FALSE,https://scontent-ort2-2.cdninstagram.com/vp/036bafebe59f1d7903631914d6410df9/5D642FD7/t51.2885-19/11821866_420510621467496_1662915792_a.jpg?_nc_ht=scontent-ort2-2.cdninstagram.com,,,,,,,,,TRUE,,
235920409,themarkhenry,Mark Henry,https://www.instagram.com/themarkhenry,FALSE,FALSE,TRUE,FALSE,https://scontent-ort2-2.cdninstagram.com/vp/abd92677268e724222e3e75b3dd2d633/5D54E516/t51.2885-19/s150x150/17586627_1397026826986759_8445011889942953984_a.jpg?_nc_ht=scontent-ort2-2.cdninstagram.com,,,,,,,,,TRUE,,
6216277,iamkaylanicole,Kayla Nicole,https://www.instagram.com/iamkaylanicole,FALSE,FALSE,TRUE,FALSE,https://scontent-ort2-2.cdninstagram.com/vp/d3c2a1ffc5e7d2ca76d9a29ff4dcf50d/5D7225FD/t51.2885-19/s150x150/46254808_304577263491260_1973883500847169536_n.jpg?_nc_ht=scontent-ort2-2.cdninstagram.com,,,,,,,,,TRUE,,
8355865,koryb_,koryB_,https://www.instagram.com/koryb_,FALSE,FALSE,TRUE,FALSE,https://scontent-ort2-2.cdninstagram.com/vp/197558be6ccf1a801e21b9fb2e8ab63a/5D69A8D1/t51.2885-19/s150x150/11311199_726072350849658_1236435971_a.jpg?_nc_ht=scontent-ort2-2.cdninstagram.com,,,,,,,,,FALSE,,
3665646698,triumph_customs,Official Triumph Customs 🏍,https://www.instagram.com/triumph_customs,FALSE,FALSE,TRUE,FALSE,https://scontent-ort2-2.cdninstagram.com/vp/dda418fef2895e90df61f17147f54f71/5D62493D/t51.2885-19/s150x150/14583436_268799996850147_399087059769229312_a.jpg?_nc_ht=scontent-ort2-2.cdninstagram.com,,,,,,,,,FALSE,,
4059660104,themotoblogs,Cafe Racers Scramblers Tracker,https://www.instagram.com/themotoblogs,FALSE,FALSE,TRUE,FALSE,https://scontent-ort2-2.cdninstagram.com/vp/8ea74d465b5f08bb8f3c3b132de67aa2/5D6ADA2A/t51.2885-19/s150x150/28752321_1961569747504151_4367465467783151616_n.jpg?_nc_ht=scontent-ort2-2.cdninstagram.com,,,,,,,,,FALSE,,
48912933,moritz_weasley,Moritz Wagner,https://www.instagram.com/moritz_weasley,FALSE,FALSE,TRUE,FALSE,https://scontent-ort2-2.cdninstagram.com/vp/a6f6033f7452f64a9a678dfb4f0a964e/5D5CB7AC/t51.2885-19/s150x150/40061062_1894368050868965_3157293913136431104_n.jpg?_nc_ht=scontent-ort2-2.cdninstagram.com,,,,,,,,,TRUE,,
2156211,robertmadu,Robert Madu,https://www.instagram.com/robertmadu,FALSE,FALSE,TRUE,FALSE,https://scontent-ort2-2.cdninstagram.com/vp/31df7d8d28813467ea3899c0f4459e48/5D63D1E6/t51.2885-19/s150x150/49995112_376204452958164_7107127077567987712_n.jpg?_nc_ht=scontent-ort2-2.cdninstagram.com,,,,,,,,,FALSE,,
14179980,iamcompton,Compton,https://www.instagram.com/iamcompton,FALSE,FALSE,TRUE,FALSE,https://scontent-ort2-2.cdninstagram.com/vp/04d2989e693e8fffc05658331b35d2e2/5D6DE9A6/t51.2885-19/s150x150/21042300_162577067651943_4682373500718022656_a.jpg?_nc_ht=scontent-ort2-2.cdninstagram.com,,,,,,,,,TRUE,,
20650647,russwest44,Russell Westbrook,https://www.instagram.com/russwest44,FALSE,FALSE,TRUE,FALSE,https://scontent-ort2-2.cdninstagram.com/vp/a00450e0c8a4ab875373c174b2a797c6/5D649E00/t51.2885-19/s150x150/16122419_907264242744262_40920541430808576_n.jpg?_nc_ht=scontent-ort2-2.cdninstagram.com,,,,,,,,,TRUE,,
5913895,javalemcgee,Javale Pierre {2X} McGee,https://www.instagram.com/javalemcgee,FALSE,FALSE,TRUE,FALSE,https://scontent-ort2-2.cdninstagram.com/vp/a05d290ffe6df6c632df1b630974bbea/5D5269ED/t51.2885-19/s150x150/49459390_2088846051194723_6417729773669187584_n.jpg?_nc_ht=scontent-ort2-2.cdninstagram.com,,,,,,,,,TRUE,,
20960895,iamericachantel,Erica:.Chantel.:Chandler,https://www.instagram.com/iamericachantel,FALSE,FALSE,TRUE,FALSE,https://scontent-ort2-2.cdninstagram.com/vp/7f53729e4f3470ec24702f4f6fb91aac/5D69DB1E/t51.2885-19/s150x150/29737478_1638066829602714_6591431097366609920_n.jpg?_nc_ht=scontent-ort2-2.cdninstagram.com,,,,,,,,,FALSE,,
7519772,jordynwoods,HEIR JORDYN,https://www.instagram.com/jordynwoods,FALSE,FALSE,TRUE,FALSE,https://scontent-ort2-2.cdninstagram.com/vp/be651aa8c1414298b068f554637be1e4/5D55D69C/t51.2885-19/s150x150/51363283_633379487081515_6245966210366701568_n.jpg?_nc_ht=scontent-ort2-2.cdninstagram.com,,,,,,,,,TRUE,,
16987198,nrschwartz,Natalie Schwartz,https://www.instagram.com/nrschwartz,FALSE,FALSE,TRUE,FALSE,https://scontent-ort2-2.cdninstagram.com/vp/86ee290bcfdf74e2bddfd9564eaf95e8/5D5153FC/t51.2885-19/11856761_447402475451116_401366590_a.jpg?_nc_ht=scontent-ort2-2.cdninstagram.com,,,,,,,,,FALSE,,
1835018399,marche_gonzo,Marche_gonzo,https://www.instagram.com/marche_gonzo,FALSE,FALSE,TRUE,FALSE,https://scontent-ort2-2.cdninstagram.com/vp/6122e2981c8d00778174a0aa206ef924/5D6D1FCB/t51.2885-19/s150x150/13285350_253027808392055_790588592_a.jpg?_nc_ht=scontent-ort2-2.cdninstagram.com,,,,,,,,,FALSE,,
199683806,candaceparker,Candace Parker,https://www.instagram.com/candaceparker,FALSE,FALSE,TRUE,FALSE,https://scontent-ort2-2.cdninstagram.com/vp/09676c37968c2e48b03cb14ec18ffa6f/5D6D182B/t51.2885-19/s150x150/24127015_1760401337596594_992386763932565504_n.jpg?_nc_ht=scontent-ort2-2.cdninstagram.com,,,,,,,,,TRUE,,
18121655,nataliemanuellee,,https://www.instagram.com/nataliemanuellee,FALSE,FALSE,TRUE,FALSE,https://scontent-ort2-2.cdninstagram.com/vp/41fd054c7062484050981f7e19ff19c8/5D54A146/t51.2885-19/s150x150/57341040_583956715421062_3999087853677051904_n.jpg?_nc_ht=scontent-ort2-2.cdninstagram.com,,,,,,,,,TRUE,,
199739760,ivicazubac,Ivica Zubac,https://www.instagram.com/ivicazubac,FALSE,FALSE,TRUE,FALSE,https://scontent-ort2-2.cdninstagram.com/vp/3dbf04be4a1bd6e1129aad32fb2b49cc/5D700904/t51.2885-19/s150x150/12912528_1603017593357456_539285314_a.jpg?_nc_ht=scontent-ort2-2.cdninstagram.com,,,,,,,,,TRUE,,
8602189,dwill8,Deron Williams,https://www.instagram.com/dwill8,FALSE,FALSE,TRUE,FALSE,https://scontent-ort2-2.cdninstagram.com/vp/f450bcbdd3a19df10fe07b7f7f72c0d9/5D633D52/t51.2885-19/10932527_507219922765589_1461819197_a.jpg?_nc_ht=scontent-ort2-2.cdninstagram.com,,,,,,,,,TRUE,,
177740801,thecoachdar,Darleen Santore,https://www.instagram.com/thecoachdar,FALSE,FALSE,TRUE,FALSE,https://scontent-ort2-2.cdninstagram.com/vp/e71ff9b85ba75d43af8ba2b586c40328/5D77D04F/t51.2885-19/s150x150/44879267_346287652947021_369829119778619392_n.jpg?_nc_ht=scontent-ort2-2.cdninstagram.com,,,,,,,,,FALSE,,
1090438295,jhart,Josh Hart,https://www.instagram.com/jhart,FALSE,FALSE,TRUE,FALSE,https://scontent-ort2-2.cdninstagram.com/vp/94997383e72a7e984fececdd02fd4203/5D5630AC/t51.2885-19/s150x150/15534723_300310303697438_2677949316357685248_a.jpg?_nc_ht=scontent-ort2-2.cdninstagram.com,,,,,,,,,TRUE,,
14625094,thebledshow,Eric Bledsoe,https://www.instagram.com/thebledshow,FALSE,FALSE,TRUE,FALSE,https://scontent-ort2-2.cdninstagram.com/vp/6ee990b5bd89754c24139efdc1f21187/5D58FB17/t51.2885-19/s150x150/21479983_719109894946568_2176119603711705088_a.jpg?_nc_ht=scontent-ort2-2.cdninstagram.com,,,,,,,,,TRUE,,
1731431589,dpenn72,Donald Penn,https://www.instagram.com/dpenn72,FALSE,FALSE,TRUE,FALSE,https://scontent-ort2-2.cdninstagram.com/vp/6a9ade7de8df5439ac7eb38f46966f04/5D772AF4/t51.2885-19/s150x150/46952435_211464756406101_3975392102493192192_n.jpg?_nc_ht=scontent-ort2-2.cdninstagram.com,,,,,,,,,TRUE,,
205720008,schultz_report,Jordan Schultz,https://www.instagram.com/schultz_report,FALSE,FALSE,TRUE,FALSE,https://scontent-ort2-2.cdninstagram.com/vp/4b5804c6e545778dc8a8539d5e9798ae/5D6AA9AE/t51.2885-19/10895094_971610536212534_1144477059_a.jpg?_nc_ht=scontent-ort2-2.cdninstagram.com,,,,,,,,,TRUE,,
12138843,ohjazzy,JAZZY,https://www.instagram.com/ohjazzy,FALSE,FALSE,TRUE,FALSE,https://scontent-ort2-2.cdninstagram.com/vp/a876cfcc059f5003347c4df949d2ebbb/5D56AC7D/t51.2885-19/s150x150/43116543_258684811669180_4478069942331113472_n.jpg?_nc_ht=scontent-ort2-2.cdninstagram.com,,,,,,,,,FALSE,,
23613805,kuz,Kyle Kuzma,https://www.instagram.com/kuz,FALSE,FALSE,TRUE,FALSE,https://scontent-ort2-2.cdninstagram.com/vp/d8b67da9b632c9fbeddba6f311fd2f71/5D58C823/t51.2885-19/s150x150/44236610_1336453333163271_1162885760014090240_n.jpg?_nc_ht=scontent-ort2-2.cdninstagram.com,,,,,,,,,TRUE,,
18481281,1ngram4,Brandon X. Ingram,https://www.instagram.com/1ngram4,FALSE,FALSE,TRUE,FALSE,https://scontent-ort2-2.cdninstagram.com/vp/2c6691d7cb69e0db970b66720440fb07/5D59EB6F/t51.2885-19/s150x150/37835711_270961083498152_8510510918596034560_n.jpg?_nc_ht=scontent-ort2-2.cdninstagram.com,,,,,,,,,TRUE,,
243382891,zo,Lonzo Ball,https://www.instagram.com/zo,FALSE,FALSE,TRUE,FALSE,https://scontent-ort2-2.cdninstagram.com/vp/56599cacf488a8052de1ee70286000a0/5D71EC61/t51.2885-19/s150x150/53625776_2303979286319449_1102564219947057152_n.jpg?_nc_ht=scontent-ort2-2.cdninstagram.com,,,,,,,,,TRUE,,
13461772,jodiesmith,Jodie Turner-Smith,https://www.instagram.com/jodiesmith,FALSE,FALSE,TRUE,FALSE,https://scontent-ort2-2.cdninstagram.com/vp/fda7ff28949fd8afc3d56a518ab4b722/5D72289E/t51.2885-19/s150x150/28435559_556802898029113_1688478740729823232_n.jpg?_nc_ht=scontent-ort2-2.cdninstagram.com,,,,,,,,,TRUE,,
19410587,kingjames,LeBron James,https://www.instagram.com/kingjames,FALSE,FALSE,TRUE,FALSE,https://scontent-ort2-2.cdninstagram.com/vp/bf39e686137ec1a5db31277895f47ef4/5D5E6FA6/t51.2885-19/s150x150/38081739_444309582641396_1152956199352664064_n.jpg?_nc_ht=scontent-ort2-2.cdninstagram.com,,,,,,,,,TRUE,,
962752255,mrdamon2,Damon Wayans Yunior?,https://www.instagram.com/mrdamon2,FALSE,FALSE,TRUE,FALSE,https://scontent-ort2-2.cdninstagram.com/vp/b2c6949d339a485000e73792c3129dac/5D717762/t51.2885-19/s150x150/15403472_172214636583467_4803446837790900224_a.jpg?_nc_ht=scontent-ort2-2.cdninstagram.com,,,,,,,,,TRUE,,
14800837,toniacalderon,tonia calderon,https://www.instagram.com/toniacalderon,FALSE,FALSE,TRUE,FALSE,https://scontent-ort2-2.cdninstagram.com/vp/f3b903a46044035c4c8e17435deb7780/5D5B1FB8/t51.2885-19/11410464_112903395726537_1297001474_a.jpg?_nc_ht=scontent-ort2-2.cdninstagram.com,,,,,,,,,FALSE,,
19832108,browne.andrews,browne andrews,https://www.instagram.com/browne.andrews,FALSE,FALSE,TRUE,FALSE,https://scontent-ort2-2.cdninstagram.com/vp/acf95c4b0e432a49da95381fcd8d4325/5D726CA1/t51.2885-19/s150x150/14705176_1799088220367346_2564413805803077632_a.jpg?_nc_ht=scontent-ort2-2.cdninstagram.com,,,,,,,,,FALSE,,
3199704009,vonruelmann_rottweilers,Von ruelmann,https://www.instagram.com/vonruelmann_rottweilers,FALSE,FALSE,TRUE,FALSE,https://scontent-ort2-2.cdninstagram.com/vp/39af612f01103dd9607cb9da8b9a18d0/5D6761AB/t51.2885-19/s150x150/20633229_1510840855641699_4056803070149918720_a.jpg?_nc_ht=scontent-ort2-2.cdninstagram.com,,,,,,,,,FALSE,,
6241159165,rottweilermagazine,★ ROTTWEILER Magazine ™ ★,https://www.instagram.com/rottweilermagazine,FALSE,FALSE,TRUE,FALSE,https://scontent-ort2-2.cdninstagram.com/vp/0a5b2e05459c1a0ea7fced965a14f177/5D6C7AD4/t51.2885-19/s150x150/43913335_1883621695086047_749235106094252032_n.jpg?_nc_ht=scontent-ort2-2.cdninstagram.com,,,,,,,,,FALSE,,
3926186562,ragnarott,《★》 R A G N A R O T T《★》,https://www.instagram.com/ragnarott,FALSE,FALSE,TRUE,FALSE,https://scontent-ort2-2.cdninstagram.com/vp/4dcbc699efd813f989b3fedbbb44e646/5D56704F/t51.2885-19/s150x150/52082758_1060472564152734_2316695077310693376_n.jpg?_nc_ht=scontent-ort2-2.cdninstagram.com,,,,,,,,,FALSE,,
4777369226,rick_goncalves2,Rick Gonçalves,https://www.instagram.com/rick_goncalves2,FALSE,FALSE,TRUE,FALSE,https://scontent-ort2-2.cdninstagram.com/vp/9d805c8332881699ce6e3d268e129780/5D6BF7CF/t51.2885-19/s150x150/40450675_1822672291115302_9117107639644323840_n.jpg?_nc_ht=scontent-ort2-2.cdninstagram.com,,,,,,,,,FALSE,,
8768316140,skycloudballer,skycloudballer,https://www.instagram.com/skycloudballer,FALSE,FALSE,TRUE,FALSE,https://scontent-ort2-2.cdninstagram.com/vp/7b20c98b469d6ef3cc33211a786609d9/5D5E7C58/t51.2885-19/s150x150/43556262_183088022574102_8635291585539473408_n.jpg?_nc_ht=scontent-ort2-2.cdninstagram.com,,,,,,,,,FALSE,,
8908822958,blackking.21,Darius Miles,https://www.instagram.com/blackking.21,FALSE,FALSE,TRUE,FALSE,https://scontent-ort2-2.cdninstagram.com/vp/5dbfde924efd12f5955a75ed4ad76890/5D6DD492/t51.2885-19/s150x150/43107544_2221125211492479_6682345384540372992_n.jpg?_nc_ht=scontent-ort2-2.cdninstagram.com,,,,,,,,,TRUE,,
3132929984,willsmith,Will Smith,https://www.instagram.com/willsmith,FALSE,FALSE,TRUE,FALSE,https://scontent-ort2-2.cdninstagram.com/vp/fa1b557278b01cf4e423ff99d8fa1677/5D5DAEF5/t51.2885-19/s150x150/53705764_2304835803071421_4142165059826614272_n.jpg?_nc_ht=scontent-ort2-2.cdninstagram.com,,,,,,,,,TRUE,,
6221944034,coachbrown_ocsf,Kris Brown,https://www.instagram.com/coachbrown_ocsf,FALSE,FALSE,TRUE,FALSE,https://scontent-ort2-2.cdninstagram.com/vp/9f36fa61980dec009d8903ea09cc265e/5D5EE1B1/t51.2885-19/s150x150/57506226_179308472949722_1061396765141368832_n.jpg?_nc_ht=scontent-ort2-2.cdninstagram.com,,,,,,,,,FALSE,,
1199687440,von_tal_der_riesen_kennel,V.T.D.R.K🏆 Est 13 📍,https://www.instagram.com/von_tal_der_riesen_kennel,FALSE,FALSE,TRUE,FALSE,https://scontent-ort2-2.cdninstagram.com/vp/b31f671038a8a25d240a6cb18088eda3/5D577673/t51.2885-19/s150x150/57840113_999448147111918_3087864723119538176_n.jpg?_nc_ht=scontent-ort2-2.cdninstagram.com,,,,,,,,,FALSE,,
11962664,emmaheedles,,https://www.instagram.com/emmaheedles,FALSE,FALSE,TRUE,FALSE,https://scontent-ort2-2.cdninstagram.com/vp/6717168e44180e27913d8ec036428cb3/5D69E75B/t51.2885-19/s150x150/14733523_1695789794082630_6589719222186672128_a.jpg?_nc_ht=scontent-ort2-2.cdninstagram.com,,,,,,,,,FALSE,,
9033489,juneambrose,June Ambrose,https://www.instagram.com/juneambrose,FALSE,FALSE,TRUE,FALSE,https://scontent-ort2-2.cdninstagram.com/vp/fcba959057b2f9fe82778c226d97be18/5D6A4186/t51.2885-19/s150x150/26342865_926128447537181_2431975280890347520_n.jpg?_nc_ht=scontent-ort2-2.cdninstagram.com,,,,,,,,,TRUE,,
6962846120,somedrawins,,https://www.instagram.com/somedrawins,FALSE,FALSE,TRUE,FALSE,https://scontent-ort2-2.cdninstagram.com/vp/bb6969dd479b84a66dba82ebebbb1e29/5D55C034/t51.2885-19/s150x150/42162163_1917059735057762_7763278027470929920_n.jpg?_nc_ht=scontent-ort2-2.cdninstagram.com,,,,,,,,,FALSE,,
184644748,cp3,Chris Paul,https://www.instagram.com/cp3,FALSE,FALSE,TRUE,FALSE,https://scontent-ort2-2.cdninstagram.com/vp/36c515920a52f90dd5d2003970016304/5D775F88/t51.2885-19/s150x150/20184109_257197401462512_7485852169833283584_a.jpg?_nc_ht=scontent-ort2-2.cdninstagram.com,,,,,,,,,TRUE,,
53147625,rchandler32,,https://www.instagram.com/rchandler32,FALSE,FALSE,TRUE,FALSE,https://scontent-ort2-2.cdninstagram.com/vp/61d0fa6d79ea93d86bb065ed7d2c2a6f/5D6BD28C/t51.2885-19/s150x150/17334213_193884121109411_8951653426249334784_a.jpg?_nc_ht=scontent-ort2-2.cdninstagram.com,,,,,,,,,FALSE,,
730185763,jrich1911,Jeff Rich,https://www.instagram.com/jrich1911,FALSE,FALSE,TRUE,FALSE,https://scontent-ort2-2.cdninstagram.com/vp/5174eb0f42e8d9219798bb292ea84f61/5D638A6B/t51.2885-19/s150x150/14733143_625780140927400_7588052033333100544_a.jpg?_nc_ht=scontent-ort2-2.cdninstagram.com,,,,,,,,,FALSE,,
4677983041,paq.official,PAQ,https://www.instagram.com/paq.official,FALSE,FALSE,TRUE,FALSE,https://scontent-ort2-2.cdninstagram.com/vp/7829991a3d5d42775c618c4053e66392/5D5873A5/t51.2885-19/s150x150/16906492_1454915574579860_6825601317164023808_a.jpg?_nc_ht=scontent-ort2-2.cdninstagram.com,,,,,,,,,TRUE,,
185891146,roc.perry,Roc Perry,https://www.instagram.com/roc.perry,FALSE,FALSE,TRUE,FALSE,https://scontent-ort2-2.cdninstagram.com/vp/c6788ec3067492502f9b1a0adc1f199e/5D6E9FAE/t51.2885-19/53123476_757619271297975_6878628679912521728_n.jpg?_nc_ht=scontent-ort2-2.cdninstagram.com,,,,,,,,,FALSE,,
225011261,hooper6,Chocolate Raindrop From Heaven,https://www.instagram.com/hooper6,FALSE,FALSE,TRUE,FALSE,https://scontent-ort2-2.cdninstagram.com/vp/beef8e745b0c1d8f3e6ac9c041f10c7f/5D6C36EC/t51.2885-19/s150x150/13706987_1726713457588567_830038382_a.jpg?_nc_ht=scontent-ort2-2.cdninstagram.com,,,,,,,,,FALSE,,
2489127,jesspisani,Jessica Pisani,https://www.instagram.com/jesspisani,FALSE,FALSE,TRUE,FALSE,https://scontent-ort2-2.cdninstagram.com/vp/5e434e8732a0d814bea97b60e786ea59/5D5DE1A4/t51.2885-19/s150x150/11887238_737733186354054_1046078693_a.jpg?_nc_ht=scontent-ort2-2.cdninstagram.com,,,,,,,,,FALSE,,
1638361247,raf_simons_archives,RAF SIMONS ARCHIVES,https://www.instagram.com/raf_simons_archives,FALSE,FALSE,TRUE,FALSE,https://scontent-ort2-2.cdninstagram.com/vp/26e8c05269f6a4f275b5b02c8e671f8f/5D697CA1/t51.2885-19/s150x150/44855979_334289017388083_3085361440085770240_n.jpg?_nc_ht=scontent-ort2-2.cdninstagram.com,,,,,,,,,FALSE,,
8936518,heronpreston,NAME HERON PRESTON,https://www.instagram.com/heronpreston,FALSE,FALSE,TRUE,FALSE,https://scontent-ort2-2.cdninstagram.com/vp/1c1fd2aaf34ae0abf18cf2670fe57dcf/5D73930E/t51.2885-19/s150x150/25017126_144548689654742_8431283860204945408_n.jpg?_nc_ht=scontent-ort2-2.cdninstagram.com,,,,,,,,,TRUE,,
13336763,supremenewyork,Supreme,https://www.instagram.com/supremenewyork,FALSE,FALSE,TRUE,FALSE,https://scontent-ort2-2.cdninstagram.com/vp/ba7aafc0756e92316e8e240c9ce31736/5D5730BC/t51.2885-19/11875579_1644822549098531_928575766_a.jpg?_nc_ht=scontent-ort2-2.cdninstagram.com,,,,,,,,,TRUE,,
362471749,off____white,Off-White™,https://www.instagram.com/off____white,FALSE,FALSE,TRUE,FALSE,https://scontent-ort2-2.cdninstagram.com/vp/055ed053a6bb6932f9f3c77518790007/5D63BDB5/t51.2885-19/s150x150/12959905_988235547921223_802690882_a.jpg?_nc_ht=scontent-ort2-2.cdninstagram.com,,,,,,,,,TRUE,,
269788456,quese,Marquese Chriss,https://www.instagram.com/quese,FALSE,FALSE,TRUE,FALSE,https://scontent-ort2-2.cdninstagram.com/vp/769301f8b8b318791516c5cdbc053e03/5D7710A7/t51.2885-19/s150x150/12519477_648311565311443_452857709_a.jpg?_nc_ht=scontent-ort2-2.cdninstagram.com,,,,,,,,,TRUE,,
29164112,tulis3,Tyler Ulis,https://www.instagram.com/tulis3,FALSE,FALSE,TRUE,FALSE,https://scontent-ort2-2.cdninstagram.com/vp/fecc38b4a890e09ca3b0ea62efdbea2f/5D5EBC86/t51.2885-19/s150x150/18888803_1885094198426037_7092814442651451392_a.jpg?_nc_ht=scontent-ort2-2.cdninstagram.com,,,,,,,,,TRUE,,
30860169,alantwilliams,Alan Williams,https://www.instagram.com/alantwilliams,FALSE,FALSE,TRUE,FALSE,https://scontent-ort2-2.cdninstagram.com/vp/b84dec8047ff0204c0b40b8211cba6dc/5D6DE8C3/t51.2885-19/s150x150/45578793_2310510929022060_5833352700854534144_n.jpg?_nc_ht=scontent-ort2-2.cdninstagram.com,,,,,,,,,TRUE,,
41186296,dbook,Devin Booker,https://www.instagram.com/dbook,FALSE,FALSE,TRUE,FALSE,https://scontent-ort2-2.cdninstagram.com/vp/7198616588616626b97804e8d1855ec1/5D578415/t51.2885-19/s150x150/30603598_183498105628088_4914215272715386880_n.jpg?_nc_ht=scontent-ort2-2.cdninstagram.com,,,,,,,,,TRUE,,
31452996,dsteve92,Deshawn Stevenson,https://www.instagram.com/dsteve92,FALSE,FALSE,TRUE,FALSE,https://scontent-ort2-2.cdninstagram.com/vp/12daf02adaa815f2760844243a8ff94e/5D74A41E/t51.2885-19/s150x150/53201536_408639226379963_8961084177998938112_n.jpg?_nc_ht=scontent-ort2-2.cdninstagram.com,,,,,,,,,TRUE,,
1818392454,pjtucker,P.J. Tucker,https://www.instagram.com/pjtucker,FALSE,FALSE,TRUE,FALSE,https://scontent-ort2-2.cdninstagram.com/vp/07b3be8ea1b5331719888deaa1731487/5D70A57F/t51.2885-19/s150x150/41020242_307817933330965_6332186248609792_n.jpg?_nc_ht=scontent-ort2-2.cdninstagram.com,,,,,,,,,TRUE,,
3962163025,paulbinam_,Paul Binam,https://www.instagram.com/paulbinam_,FALSE,FALSE,TRUE,FALSE,https://scontent-ort2-2.cdninstagram.com/vp/c148e808a6860b84e41e7af269c9cfcb/5D70A4DA/t51.2885-19/s150x150/56974026_855822741426091_7367634784148783104_n.jpg?_nc_ht=scontent-ort2-2.cdninstagram.com,,,,,,,,,FALSE,,
3588086376,pauseonline,PAUSE Magazine,https://www.instagram.com/pauseonline,FALSE,FALSE,TRUE,FALSE,https://scontent-ort2-2.cdninstagram.com/vp/b27cd516cd2ba60e2a3c1518dd31263b/5D5B258C/t51.2885-19/s150x150/14295399_1804432723147287_5677954260029931520_a.jpg?_nc_ht=scontent-ort2-2.cdninstagram.com,,,,,,,,,FALSE,,
5945759133,classy.outfit.vision,Classy Vision,https://www.instagram.com/classy.outfit.vision,FALSE,FALSE,TRUE,FALSE,https://scontent-ort2-2.cdninstagram.com/vp/3331047f5ca6ba0c28a08122f900c4d9/5D55FFB3/t51.2885-19/s150x150/22221254_121092638602098_3396843042601172992_n.jpg?_nc_ht=scontent-ort2-2.cdninstagram.com,,,,,,,,,FALSE,,
2234656951,oamc_official,OAMC,https://www.instagram.com/oamc_official,FALSE,FALSE,TRUE,FALSE,https://scontent-ort2-2.cdninstagram.com/vp/7bcb049c7a22ca133ce09d95a9d32292/5D6E068F/t51.2885-19/s150x150/52945620_2641813979167791_3185795724134580224_n.jpg?_nc_ht=scontent-ort2-2.cdninstagram.com,,,,,,,,,TRUE,,
265558190,unionlosangeles,Union Los Angeles,https://www.instagram.com/unionlosangeles,FALSE,FALSE,TRUE,FALSE,https://scontent-ort2-2.cdninstagram.com/vp/b6974a4fa0aac4efd402b3ebcd0909a9/5D711FE6/t51.2885-19/s150x150/50869039_1044803302375602_476016933427216384_n.jpg?_nc_ht=scontent-ort2-2.cdninstagram.com,,,,,,,,,FALSE,,
2219426427,essentials,FEAR OF GOD ESSENTIALS,https://www.instagram.com/essentials,FALSE,FALSE,TRUE,FALSE,https://scontent-ort2-2.cdninstagram.com/vp/813e7e62f365b4c3371ac4bbec33a6c0/5D5247F4/t51.2885-19/s150x150/28151576_988947131260549_1379502238019354624_n.jpg?_nc_ht=scontent-ort2-2.cdninstagram.com,,,,,,,,,FALSE,,
1337336,highsnobiety,HIGHSNOBIETY,https://www.instagram.com/highsnobiety,FALSE,FALSE,TRUE,FALSE,https://scontent-ort2-2.cdninstagram.com/vp/57943cf941d07d740e95215318dfe1c9/5D654217/t51.2885-19/s150x150/46124196_196004171281609_4208471155784286208_n.jpg?_nc_ht=scontent-ort2-2.cdninstagram.com,,,,,,,,,TRUE,,
186904952,davidbeckham,David Beckham,https://www.instagram.com/davidbeckham,FALSE,FALSE,TRUE,FALSE,https://scontent-ort2-2.cdninstagram.com/vp/c6ada2d07ebd3d29921ca2cbf72497a5/5D7705A3/t51.2885-19/s150x150/11848873_416913721845060_1906915195_a.jpg?_nc_ht=scontent-ort2-2.cdninstagram.com,,,,,,,,,TRUE,,
25542776,brianrandalllee,Brian Randall Lee,https://www.instagram.com/brianrandalllee,FALSE,FALSE,TRUE,FALSE,https://scontent-ort2-2.cdninstagram.com/vp/6a50df1966a1ebdb21857b287ef77162/5D717B24/t51.2885-19/s150x150/58409304_1027664117424656_3954891145552592896_n.jpg?_nc_ht=scontent-ort2-2.cdninstagram.com,,,,,,,,,FALSE,,
28128039,judyblame,judyblame,https://www.instagram.com/judyblame,FALSE,FALSE,TRUE,FALSE,https://scontent-ort2-2.cdninstagram.com/vp/51de7f265a149e8ce9d1a722a4edd604/5D5F0456/t51.2885-19/11324950_542216909262463_1669378639_a.jpg?_nc_ht=scontent-ort2-2.cdninstagram.com,,,,,,,,,FALSE,,
1959798917,erykahbadu,THE UNICORN,https://www.instagram.com/erykahbadu,FALSE,FALSE,TRUE,FALSE,https://scontent-ort2-2.cdninstagram.com/vp/d9418e579c7885cb9b54d4342e0cb53d/5D6373E6/t51.2885-19/11312235_855243074568438_1250631095_a.jpg?_nc_ht=scontent-ort2-2.cdninstagram.com,,,,,,,,,TRUE,,
1167653445,grailed,Grailed,https://www.instagram.com/grailed,FALSE,FALSE,TRUE,FALSE,https://scontent-ort2-2.cdninstagram.com/vp/81b32845cf84b687fa8bb3ecd8bcd25c/5D5B8AE1/t51.2885-19/s150x150/14723153_202588933516498_2756024520354562048_a.jpg?_nc_ht=scontent-ort2-2.cdninstagram.com,,,,,,,,,TRUE,,
9407405,cfda,cfda,https://www.instagram.com/cfda,FALSE,FALSE,TRUE,FALSE,https://scontent-ort2-2.cdninstagram.com/vp/c310da1f4784c7fb0b82e4dd7170408e/5D6AF2CF/t51.2885-19/s150x150/52466230_538149826592563_7320159925055782912_n.jpg?_nc_ht=scontent-ort2-2.cdninstagram.com,,,,,,,,,TRUE,,
6652363,milk,Milk,https://www.instagram.com/milk,FALSE,FALSE,TRUE,FALSE,https://scontent-ort2-2.cdninstagram.com/vp/2adde683124f6baeab6035cba25232ef/5D735CDF/t51.2885-19/s150x150/12339000_744907905642008_1402336868_a.jpg?_nc_ht=scontent-ort2-2.cdninstagram.com,,,,,,,,,TRUE,,
314834803,vogueitalia,Vogue Italia,https://www.instagram.com/vogueitalia,FALSE,FALSE,TRUE,FALSE,https://scontent-ort2-2.cdninstagram.com/vp/5f4e752e51805f1f1aaeda658b149827/5D5664C4/t51.2885-19/s150x150/21147560_675585539305089_7930403313856544768_a.jpg?_nc_ht=scontent-ort2-2.cdninstagram.com,,,,,,,,,TRUE,,
22619435,voguerunway,Vogue Runway,https://www.instagram.com/voguerunway,FALSE,FALSE,TRUE,FALSE,https://scontent-ort2-2.cdninstagram.com/vp/1d1cf92676f852f52e572ce01651b75f/5D639AAA/t51.2885-19/s150x150/929317_933776766713278_937006941_a.jpg?_nc_ht=scontent-ort2-2.cdninstagram.com,,,,,,,,,TRUE,,
146182543,wmag,W magazine,https://www.instagram.com/wmag,FALSE,FALSE,TRUE,FALSE,https://scontent-ort2-2.cdninstagram.com/vp/80a28a5e57cd0726b4230cee4ca58b8a/5D59B4D3/t51.2885-19/s150x150/23498345_2086110881611795_205367022354169856_n.jpg?_nc_ht=scontent-ort2-2.cdninstagram.com,,,,,,,,,TRUE,,
1037049345,arthurelgort,Arthur Elgort,https://www.instagram.com/arthurelgort,FALSE,FALSE,TRUE,FALSE,https://scontent-ort2-2.cdninstagram.com/vp/5fbbc539c408aa39f4a4433a8838e555/5D725C08/t51.2885-19/s150x150/45423234_277497059636859_8627833310405459968_n.jpg?_nc_ht=scontent-ort2-2.cdninstagram.com,,,,,,,,,TRUE,,
3575042284,kara_walker_official,Kara Walker,https://www.instagram.com/kara_walker_official,FALSE,FALSE,TRUE,FALSE,https://scontent-ort2-2.cdninstagram.com/vp/52b82a2d2a7610bec3239844a32bad9c/5D64354B/t51.2885-19/s150x150/14487219_1767882673429562_1260747122429394944_a.jpg?_nc_ht=scontent-ort2-2.cdninstagram.com,,,,,,,,,FALSE,,
2289939842,s.u.t.r.a,,https://www.instagram.com/s.u.t.r.a,FALSE,FALSE,TRUE,FALSE,https://scontent-ort2-2.cdninstagram.com/vp/25e7910f3b06ca8f5ae77820f656fb06/5D75F295/t51.2885-19/s150x150/13561676_1189712964404776_1771656934_a.jpg?_nc_ht=scontent-ort2-2.cdninstagram.com,,,,,,,,,FALSE,,
759833864,cats_tattoo_,C A T S,https://www.instagram.com/cats_tattoo_,FALSE,FALSE,TRUE,FALSE,https://scontent-ort2-2.cdninstagram.com/vp/7ac6d3e2f9bfff0cf9db8b21f36bbfb2/5D72AE13/t51.2885-19/11355707_1619915514942105_516492469_a.jpg?_nc_ht=scontent-ort2-2.cdninstagram.com,,,,,,,,,FALSE,,
383357411,gianlucavacchi,Gianluca Vacchi,https://www.instagram.com/gianlucavacchi,FALSE,FALSE,TRUE,FALSE,https://scontent-ort2-2.cdninstagram.com/vp/6dd26257cff6e95136673d625de31462/5D6B56F8/t51.2885-19/11373818_1893928117499247_1778779124_a.jpg?_nc_ht=scontent-ort2-2.cdninstagram.com,,,,,,,,,TRUE,,
184378928,j_rudy_gtc,Jack Rudy,https://www.instagram.com/j_rudy_gtc,FALSE,FALSE,TRUE,FALSE,https://scontent-ort2-2.cdninstagram.com/vp/10128ecc2586c823f48596f9b84a09e3/5D747E37/t51.2885-19/11925756_297325190437786_663647444_a.jpg?_nc_ht=scontent-ort2-2.cdninstagram.com,,,,,,,,,FALSE,,
341044376,westbridgetattoo,West Bridge Tattoo,https://www.instagram.com/westbridgetattoo,FALSE,FALSE,TRUE,FALSE,https://scontent-ort2-2.cdninstagram.com/vp/f6b639740b7d55e2b8f03e0ade3cc499/5D6BDE2A/t51.2885-19/s150x150/53123427_362564977918773_4807322538969399296_n.jpg?_nc_ht=scontent-ort2-2.cdninstagram.com,,,,,,,,,FALSE,,
1525728985,rotties.66,☮Rotties.66 🇰🇼,https://www.instagram.com/rotties.66,FALSE,FALSE,TRUE,FALSE,https://scontent-ort2-2.cdninstagram.com/vp/5d16036ba1f67083426467ae0dd9b7cd/5D6CC026/t51.2885-19/s150x150/23507849_334002423733354_5793045570947907584_n.jpg?_nc_ht=scontent-ort2-2.cdninstagram.com,,,,,,,,,FALSE,,
1939806637,bangbang.forevercare,🔜,https://www.instagram.com/bangbang.forevercare,FALSE,FALSE,TRUE,FALSE,https://scontent-ort2-2.cdninstagram.com/vp/63e833af29f9edcb83fad18337690949/5D5A647E/t51.2885-19/s150x150/33937178_216812502444938_3215786574524448768_n.jpg?_nc_ht=scontent-ort2-2.cdninstagram.com,,,,,,,,,FALSE,,
4818967,_dr_woo_,Doctor Woo,https://www.instagram.com/_dr_woo_,FALSE,FALSE,TRUE,FALSE,https://scontent-ort2-2.cdninstagram.com/vp/9b029ec54956de6af9ac8afaf36d0b36/5D6C492B/t51.2885-19/s150x150/17076983_1278415228917694_8727625020102148096_a.jpg?_nc_ht=scontent-ort2-2.cdninstagram.com,,,,,,,,,TRUE,,
31084096,kristiwallsnyc,◡ 𝔎𝔯𝔦𝔰𝔱𝔦 ◠ ◡,https://www.instagram.com/kristiwallsnyc,FALSE,FALSE,TRUE,FALSE,https://scontent-ort2-2.cdninstagram.com/vp/552595cab9569ac1b7e591efb4faa565/5D516229/t51.2885-19/s150x150/51952861_605983766531961_490752579672735744_n.jpg?_nc_ht=scontent-ort2-2.cdninstagram.com,,,,,,,,,FALSE,,
4646067,this_means,Spencer Mar Guilburt,https://www.instagram.com/this_means,FALSE,FALSE,TRUE,FALSE,https://scontent-ort2-2.cdninstagram.com/vp/059f64e4582164108965edcdbe4b6c04/5D6669C6/t51.2885-19/s150x150/56605127_1151601588361830_6369164426674700288_n.jpg?_nc_ht=scontent-ort2-2.cdninstagram.com,,,,,,,,,FALSE,,
234202498,biscosmith,Bisco Smith,https://www.instagram.com/biscosmith,FALSE,FALSE,TRUE,FALSE,https://scontent-ort2-2.cdninstagram.com/vp/308cc892764489d3ba05a652685769b2/5D688196/t51.2885-19/s150x150/17819194_271272866663828_8686278216052113408_a.jpg?_nc_ht=scontent-ort2-2.cdninstagram.com,,,,,,,,,FALSE,,
3575443726,ari_marcopoulos_official,Ari Marcopoulos,https://www.instagram.com/ari_marcopoulos_official,FALSE,FALSE,TRUE,FALSE,https://scontent-ort2-2.cdninstagram.com/vp/1417ca2b8b8cb7d8ed063eb30dc396d1/5D567B9F/t51.2885-19/s150x150/13767671_1146038862135360_1226292138_a.jpg?_nc_ht=scontent-ort2-2.cdninstagram.com,,,,,,,,,FALSE,,
178733366,alexanderwangny,alexanderwang,https://www.instagram.com/alexanderwangny,FALSE,FALSE,TRUE,FALSE,https://scontent-ort2-2.cdninstagram.com/vp/1eb8ed1d541cb984c7d9ede7e258cfb6/5D55694F/t51.2885-19/s150x150/44442144_480281082482470_7361384459976835072_n.jpg?_nc_ht=scontent-ort2-2.cdninstagram.com,,,,,,,,,TRUE,,
39939022,maisonvalentino,Valentino,https://www.instagram.com/maisonvalentino,FALSE,FALSE,TRUE,FALSE,https://scontent-ort2-2.cdninstagram.com/vp/ce1c45a5a1821b862884e4da9a52a1d9/5D634FB4/t51.2885-19/11244025_718498864918178_1407017431_a.jpg?_nc_ht=scontent-ort2-2.cdninstagram.com,,,,,,,,,TRUE,,
535065013,balmain,BALMAIN,https://www.instagram.com/balmain,FALSE,FALSE,TRUE,FALSE,https://scontent-ort2-2.cdninstagram.com/vp/ac438516c43f6fcfa05fab4f647ff3c8/5D68CE5E/t51.2885-19/s150x150/56226299_291079175121428_1270373385385279488_n.jpg?_nc_ht=scontent-ort2-2.cdninstagram.com,,,,,,,,,TRUE,,
15257195,rsvpgallery,RSVP Gallery,https://www.instagram.com/rsvpgallery,FALSE,FALSE,TRUE,FALSE,https://scontent-ort2-2.cdninstagram.com/vp/1785570b1d9faec7b81ab3b980fe5faf/5D70858E/t51.2885-19/s150x150/13388630_1644431135880463_323431463_a.jpg?_nc_ht=scontent-ort2-2.cdninstagram.com,,,,,,,,,TRUE,,
2159319861,thatguyfromdowntown,TGFD,https://www.instagram.com/thatguyfromdowntown,FALSE,FALSE,TRUE,FALSE,https://scontent-ort2-2.cdninstagram.com/vp/8d38cf85ebcc51168b381f7eedeb76c5/5D5DF922/t51.2885-19/s150x150/12558629_1561250887533210_1386745970_a.jpg?_nc_ht=scontent-ort2-2.cdninstagram.com,,,,,,,,,FALSE,,
395545229,menwithstreetstyle,menwithstreetstyle,https://www.instagram.com/menwithstreetstyle,FALSE,FALSE,TRUE,FALSE,https://scontent-ort2-2.cdninstagram.com/vp/949feea5ffb27bf41627c7551b734bbc/5D70E626/t51.2885-19/s150x150/18160455_962032340606422_1504829899112710144_a.jpg?_nc_ht=scontent-ort2-2.cdninstagram.com,,,,,,,,,TRUE,,
617489058,houseofstreetwear,Streetwear | Sneaker | Visuals,https://www.instagram.com/houseofstreetwear,FALSE,FALSE,TRUE,FALSE,https://scontent-ort2-2.cdninstagram.com/vp/eda5a32835b83969ff27d9e6c5cffda9/5D6C2EA3/t51.2885-19/s150x150/53072739_306858786668920_6331216393454747648_n.jpg?_nc_ht=scontent-ort2-2.cdninstagram.com,,,,,,,,,FALSE,,
2156458518,layersoflayer,Layers of Layer,https://www.instagram.com/layersoflayer,FALSE,FALSE,TRUE,FALSE,https://scontent-ort2-2.cdninstagram.com/vp/120968f0478adc0aaa4d6bfb19ddb00f/5D65769C/t51.2885-19/s150x150/11352311_1623448941257244_1405148706_a.jpg?_nc_ht=scontent-ort2-2.cdninstagram.com,,,,,,,,,FALSE,,
19719473,hypebeast,HYPEBEAST,https://www.instagram.com/hypebeast,FALSE,FALSE,TRUE,FALSE,https://scontent-ort2-2.cdninstagram.com/vp/e07004d92c1be629be54901ed7b8ed47/5D5D6137/t51.2885-19/s150x150/56994187_323917764965151_5149650450575785984_n.jpg?_nc_ht=scontent-ort2-2.cdninstagram.com,,,,,,,,,TRUE,,
2191067392,lavish.fashion,Lavish.Fashion,https://www.instagram.com/lavish.fashion,FALSE,FALSE,TRUE,FALSE,https://scontent-ort2-2.cdninstagram.com/vp/f34b6888b44534bb3d2f232d1776c8c2/5D5E373D/t51.2885-19/s150x150/10832017_193276651036323_884380571_a.jpg?_nc_ht=scontent-ort2-2.cdninstagram.com,,,,,,,,,FALSE,,
2373915314,bestofstreetwear,BEST OF STREETWEAR,https://www.instagram.com/bestofstreetwear,FALSE,FALSE,TRUE,FALSE,https://scontent-ort2-2.cdninstagram.com/vp/fdb0519a47d445fc9c1a5e9e604ce772/5D6104F7/t51.2885-19/s150x150/25014640_378260679299250_3358345524150272000_n.jpg?_nc_ht=scontent-ort2-2.cdninstagram.com,,,,,,,,,FALSE,,
2352036547,blvckxculture,Hypebeast / Blvck ✖️ Culture,https://www.instagram.com/blvckxculture,FALSE,FALSE,TRUE,FALSE,https://scontent-ort2-2.cdninstagram.com/vp/03ce68719e66573ae3f06279775d946c/5D5D9433/t51.2885-19/s150x150/26071269_175516046388724_448433270472835072_n.jpg?_nc_ht=scontent-ort2-2.cdninstagram.com,,,,,,,,,FALSE,,
11877701,nikkohurtado,Nikko Hurtado,https://www.instagram.com/nikkohurtado,FALSE,FALSE,TRUE,FALSE,https://scontent-ort2-2.cdninstagram.com/vp/25ea52ced768c9bc59be2fa0c8950969/5D636A0D/t51.2885-19/s150x150/47690293_546172605857283_767894497022443520_n.jpg?_nc_ht=scontent-ort2-2.cdninstagram.com,,,,,,,,,TRUE,,
247324365,ryan_evans,Ryan Evans,https://www.instagram.com/ryan_evans,FALSE,FALSE,TRUE,FALSE,https://scontent-ort2-2.cdninstagram.com/vp/42e3e2e78adf42c9f90893cadc47571e/5D653734/t51.2885-19/s150x150/12747555_192288977804145_237941375_a.jpg?_nc_ht=scontent-ort2-2.cdninstagram.com,,,,,,,,,FALSE,,
7805930,jerrylorenzo,jerrylorenzo,https://www.instagram.com/jerrylorenzo,FALSE,FALSE,TRUE,FALSE,https://scontent-ort2-2.cdninstagram.com/vp/366d2955d308c9fac7c177c3cb18b2c4/5D71B330/t51.2885-19/s150x150/44708404_2100654489956117_5304818165757247488_n.jpg?_nc_ht=scontent-ort2-2.cdninstagram.com,,,,,,,,,TRUE,,
194938360,stevebutchertattoos,Steve Butcher,https://www.instagram.com/stevebutchertattoos,FALSE,FALSE,TRUE,FALSE,https://scontent-ort2-2.cdninstagram.com/vp/054dc4dacaadc50f8a5704ec656a75ec/5D5BD110/t51.2885-19/s150x150/50954319_451610392040466_126033916925575168_n.jpg?_nc_ht=scontent-ort2-2.cdninstagram.com,,,,,,,,,TRUE,,
104819485,domantasparvainis,Domantas Parvainis,https://www.instagram.com/domantasparvainis,FALSE,FALSE,TRUE,FALSE,https://scontent-ort2-2.cdninstagram.com/vp/7296a95813a7945144f7fd4ae1ad60b0/5D737A02/t51.2885-19/s150x150/15538612_1178763532201670_1430878439245611008_a.jpg?_nc_ht=scontent-ort2-2.cdninstagram.com,,,,,,,,,FALSE,,
39509870,chloeearly,,https://www.instagram.com/chloeearly,FALSE,FALSE,TRUE,FALSE,https://scontent-ort2-2.cdninstagram.com/vp/93ef2e56f620ade00d52cbb693f201d5/5D5EEE3A/t51.2885-19/11849457_845174478864656_303975623_a.jpg?_nc_ht=scontent-ort2-2.cdninstagram.com,,,,,,,,,FALSE,,
11546016,twistedlamb,twistedlamb,https://www.instagram.com/twistedlamb,FALSE,FALSE,TRUE,FALSE,https://scontent-ort2-2.cdninstagram.com/vp/9f68d9ed5cd0ee25cc21b2c76b513e18/5D5F1A86/t51.2885-19/11311553_809120449194870_1698018311_a.jpg?_nc_ht=scontent-ort2-2.cdninstagram.com,,,,,,,,,FALSE,,
370159855,idea.ltd,IDEA,https://www.instagram.com/idea.ltd,FALSE,FALSE,TRUE,FALSE,https://scontent-ort2-2.cdninstagram.com/vp/9f33a4e29a8e5c6dc9f1292e4391d69f/5D59448D/t51.2885-19/11887112_939179302787267_247009318_a.jpg?_nc_ht=scontent-ort2-2.cdninstagram.com,,,,,,,,,TRUE,,
1180686635,derekridgers,Derek Ridgers,https://www.instagram.com/derekridgers,FALSE,FALSE,TRUE,FALSE,https://scontent-ort2-2.cdninstagram.com/vp/72099f5e5356d43967c1990419aeab59/5D56E015/t51.2885-19/s150x150/52319416_308163446563044_4240011303957037056_n.jpg?_nc_ht=scontent-ort2-2.cdninstagram.com,,,,,,,,,FALSE,,
12799177,roxx_____,R O X X,https://www.instagram.com/roxx_____,FALSE,FALSE,TRUE,FALSE,https://scontent-ort2-2.cdninstagram.com/vp/52a2474d97f21431e22e6f5be68dc1fa/5D73B37D/t51.2885-19/s150x150/23498385_136939730298602_9807742504009728_n.jpg?_nc_ht=scontent-ort2-2.cdninstagram.com,,,,,,,,,TRUE,,
193628385,bnginksociety,B&G INK SOCIETY ™,https://www.instagram.com/bnginksociety,FALSE,FALSE,TRUE,FALSE,https://scontent-ort2-2.cdninstagram.com/vp/17cce2ffab0ff959f9746ae8b3954f01/5D5EDF53/t51.2885-19/10817541_474263602716446_313283483_a.jpg?_nc_ht=scontent-ort2-2.cdninstagram.com,,,,,,,,,FALSE,,
178263616,matthewjamestattoo,________Matthew James________,https://www.instagram.com/matthewjamestattoo,FALSE,FALSE,TRUE,FALSE,https://scontent-ort2-2.cdninstagram.com/vp/d180ef5a5b4ed61d3ec4d3d5a3dc66cc/5D6D8185/t51.2885-19/11189496_1431086713863101_700349061_a.jpg?_nc_ht=scontent-ort2-2.cdninstagram.com,,,,,,,,,FALSE,,
324145364,arlotattoos,Arlo DiCristina,https://www.instagram.com/arlotattoos,FALSE,FALSE,TRUE,FALSE,https://scontent-ort2-2.cdninstagram.com/vp/beeec10323d89f8692554eb89a6cb08f/5D59CFDE/t51.2885-19/s150x150/46958537_361816861237596_1796004763108638720_n.jpg?_nc_ht=scontent-ort2-2.cdninstagram.com,,,,,,,,,FALSE,,
1698489311,earlybroncoconnection,Lonestar Early Bronco member,https://www.instagram.com/earlybroncoconnection,FALSE,FALSE,TRUE,FALSE,https://scontent-ort2-2.cdninstagram.com/vp/9def82ddf5d1cf88b28e40e8e292792f/5D6FD7CC/t51.2885-19/10963899_1394291130879903_1830393945_a.jpg?_nc_ht=scontent-ort2-2.cdninstagram.com,,,,,,,,,FALSE,,
1038226,benjaminhouston,ben houston,https://www.instagram.com/benjaminhouston,FALSE,FALSE,TRUE,FALSE,https://scontent-ort2-2.cdninstagram.com/vp/fc64d6b0d4b85535fb55b3de28612e30/5D6268E4/t51.2885-19/s150x150/36136113_214737395844601_7023659984512614400_n.jpg?_nc_ht=scontent-ort2-2.cdninstagram.com,,,,,,,,,FALSE,,
576209912,playerstribune,The Players' Tribune,https://www.instagram.com/playerstribune,FALSE,FALSE,TRUE,FALSE,https://scontent-ort2-2.cdninstagram.com/vp/f3caac9c103d68fb9f8cd351acb2ae68/5D66B2AC/t51.2885-19/10643832_711084172297042_719034760_a.jpg?_nc_ht=scontent-ort2-2.cdninstagram.com,,,,,,,,,TRUE,,
18994406,unicefusa,UNICEF USA,https://www.instagram.com/unicefusa,FALSE,FALSE,TRUE,FALSE,https://scontent-ort2-2.cdninstagram.com/vp/b467077cfb6f549ca9b91c2e79313480/5D59DD12/t51.2885-19/s150x150/17438077_194975297657537_5379813903972696064_a.jpg?_nc_ht=scontent-ort2-2.cdninstagram.com,,,,,,,,,TRUE,,
1463412041,stevemccurryofficial,Steve McCurry,https://www.instagram.com/stevemccurryofficial,FALSE,FALSE,TRUE,FALSE,https://scontent-ort2-2.cdninstagram.com/vp/b6a9c05f0e23b83bb88f690b87502ed4/5D574572/t51.2885-19/11372307_1000456866633453_593849297_a.jpg?_nc_ht=scontent-ort2-2.cdninstagram.com,,,,,,,,,TRUE,,
600168571,magnumphotos,Magnum Photos,https://www.instagram.com/magnumphotos,FALSE,FALSE,TRUE,FALSE,https://scontent-ort2-2.cdninstagram.com/vp/bcb1afc034c05fea8650276f329877cb/5D583BF1/t51.2885-19/s150x150/19227681_316187898816164_4966002231728930816_a.jpg?_nc_ht=scontent-ort2-2.cdninstagram.com,,,,,,,,,TRUE,,
1208054077,2pac,Tupac Shakur,https://www.instagram.com/2pac,FALSE,FALSE,TRUE,FALSE,https://scontent-ort2-2.cdninstagram.com/vp/7341977588f4e90faa5e198c29541fb4/5D5247CF/t51.2885-19/s150x150/26866288_1916477271906257_4476259858428985344_n.jpg?_nc_ht=scontent-ort2-2.cdninstagram.com,,,,,,,,,TRUE,,
187655900,leica_camera,Leica Camera,https://www.instagram.com/leica_camera,FALSE,FALSE,TRUE,FALSE,https://scontent-ort2-2.cdninstagram.com/vp/952ec2acec10326e53438833a52295c7/5D5496BF/t51.2885-19/s150x150/14624606_224438967990845_1439412650931912704_a.jpg?_nc_ht=scontent-ort2-2.cdninstagram.com,,,,,,,,,TRUE,,
14366541,black_list,Blacklist Lifestyle | Cars,https://www.instagram.com/black_list,FALSE,FALSE,TRUE,FALSE,https://scontent-ort2-2.cdninstagram.com/vp/a0527aa9633dd3147f2f0c30cf71cb7f/5D6D599A/t51.2885-19/11887087_931673560239471_1206443123_a.jpg?_nc_ht=scontent-ort2-2.cdninstagram.com,,,,,,,,,FALSE,,
1889387,burberry,Burberry,https://www.instagram.com/burberry,FALSE,FALSE,TRUE,FALSE,https://scontent-ort2-2.cdninstagram.com/vp/e771605a49de0485dae24e5938947d7e/5D695B8B/t51.2885-19/s150x150/38015673_269396010510374_5906238020989747200_n.jpg?_nc_ht=scontent-ort2-2.cdninstagram.com,,,,,,,,,TRUE,,
287621086,quistyle,Mangue Banzima,https://www.instagram.com/quistyle,FALSE,FALSE,TRUE,FALSE,https://scontent-ort2-2.cdninstagram.com/vp/ca7754f1bf042b6e94e19df0a6f94124/5D659982/t51.2885-19/s150x150/21041286_1385966518183139_1305841736416755712_a.jpg?_nc_ht=scontent-ort2-2.cdninstagram.com,,,,,,,,,FALSE,,
48165793,fearofgod,FEAR OF GOD,https://www.instagram.com/fearofgod,FALSE,FALSE,TRUE,FALSE,https://scontent-ort2-2.cdninstagram.com/vp/d29975ea4e7f7ee2e2844639fac0ecc7/5D686F57/t51.2885-19/s150x150/32654874_250762379002773_2638534036410073088_n.jpg?_nc_ht=scontent-ort2-2.cdninstagram.com,,,,,,,,,TRUE,,
17789355,jr,JR,https://www.instagram.com/jr,FALSE,FALSE,TRUE,FALSE,https://scontent-ort2-2.cdninstagram.com/vp/2a24d0cd875bcf945e99afff11859a8b/5D69372E/t51.2885-19/s150x150/11950515_1717067785191418_644890240_a.jpg?_nc_ht=scontent-ort2-2.cdninstagram.com,,,,,,,,,TRUE,,
31477212,intospaces,,https://www.instagram.com/intospaces,FALSE,FALSE,TRUE,FALSE,https://scontent-ort2-2.cdninstagram.com/vp/a3fd21dfbd6512ce547c25694436fe94/5D522DCE/t51.2885-19/11355209_872231542867912_577091714_a.jpg?_nc_ht=scontent-ort2-2.cdninstagram.com,,,,,,,,,FALSE,,
1505586549,dain_nyc,,https://www.instagram.com/dain_nyc,FALSE,FALSE,TRUE,FALSE,https://scontent-ort2-2.cdninstagram.com/vp/380c4ee574a26e6df964d51ed70e82f7/5D633328/t51.2885-19/s150x150/50854023_371971756930317_5006858846866505728_n.jpg?_nc_ht=scontent-ort2-2.cdninstagram.com,,,,,,,,,FALSE,,
20053553,nickfouquet,Nick Fouquet,https://www.instagram.com/nickfouquet,FALSE,FALSE,TRUE,FALSE,https://scontent-ort2-2.cdninstagram.com/vp/cfaff4dea20a42946b97276d9dd2b440/5D59AF1E/t51.2885-19/s150x150/49476680_231913784411185_1996414761843032064_n.jpg?_nc_ht=scontent-ort2-2.cdninstagram.com,,,,,,,,,TRUE,,
1996363,mustafaseven,Mustafa Seven,https://www.instagram.com/mustafaseven,FALSE,FALSE,TRUE,FALSE,https://scontent-ort2-2.cdninstagram.com/vp/34b49561d411c841b9ed3b72ff7b2979/5D571EE6/t51.2885-19/s150x150/27581522_1768965196507235_1410677958217039872_n.jpg?_nc_ht=scontent-ort2-2.cdninstagram.com,,,,,,,,,TRUE,,
145416377,erikjonesart,Erik Jones,https://www.instagram.com/erikjonesart,FALSE,FALSE,TRUE,FALSE,https://scontent-ort2-2.cdninstagram.com/vp/c7effb32406f93c2c9a34552ab955e68/5D6320E4/t51.2885-19/s150x150/37381631_1125222677642405_4526864507435220992_n.jpg?_nc_ht=scontent-ort2-2.cdninstagram.com,,,,,,,,,FALSE,,
16578060,anthonylister,Anthony LISTER,https://www.instagram.com/anthonylister,FALSE,FALSE,TRUE,FALSE,https://scontent-ort2-2.cdninstagram.com/vp/81ecf9d9e07b48a33a69691b1f8fe038/5D5E2B8D/t51.2885-19/s150x150/56162509_2078814785760589_146649815780950016_n.jpg?_nc_ht=scontent-ort2-2.cdninstagram.com,,,,,,,,,TRUE,,
4782583,arlin_graff,Arlin,https://www.instagram.com/arlin_graff,FALSE,FALSE,TRUE,FALSE,https://scontent-ort2-2.cdninstagram.com/vp/c175a159cfb877d040f8b5f5aa895ffb/5D5A235D/t51.2885-19/s150x150/14606938_954974664609110_572608982682697728_a.jpg?_nc_ht=scontent-ort2-2.cdninstagram.com,,,,,,,,,FALSE,,
373254479,hijackart,HIJACK,https://www.instagram.com/hijackart,FALSE,FALSE,TRUE,FALSE,https://scontent-ort2-2.cdninstagram.com/vp/ff0fd4216b94cc42e244d6658d6fa8cf/5D531017/t51.2885-19/s150x150/21042494_1378316562297891_1920061006508195840_a.jpg?_nc_ht=scontent-ort2-2.cdninstagram.com,,,,,,,,,FALSE,,
1024067,marcjacobs,Marc Jacobs,https://www.instagram.com/marcjacobs,FALSE,FALSE,TRUE,FALSE,https://scontent-ort2-2.cdninstagram.com/vp/26efdeb7557968d73bfee773c663ddf6/5D7096CD/t51.2885-19/s150x150/41046469_329465074466548_1319718835879673856_n.jpg?_nc_ht=scontent-ort2-2.cdninstagram.com,,,,,,,,,TRUE,,
722877997,givenchyofficial,GIVENCHY,https://www.instagram.com/givenchyofficial,FALSE,FALSE,TRUE,FALSE,https://scontent-ort2-2.cdninstagram.com/vp/a1a23f82b1877d90cd563b39dd2dcbf9/5D55A873/t51.2885-19/11821110_110528402629986_1242527498_a.jpg?_nc_ht=scontent-ort2-2.cdninstagram.com,,,,,,,,,TRUE,,
271684244,anndemeulemeester_hkstore,Ann Demeulemeester HK store,https://www.instagram.com/anndemeulemeester_hkstore,FALSE,FALSE,TRUE,FALSE,https://scontent-ort2-2.cdninstagram.com/vp/d6b7e156d5606b03ea6e06f76bc41288/5D60218F/t51.2885-19/10890600_911680428855873_1950308562_a.jpg?_nc_ht=scontent-ort2-2.cdninstagram.com,,,,,,,,,FALSE,,
636731178,deedeewashere,Dee Dee,https://www.instagram.com/deedeewashere,FALSE,FALSE,TRUE,FALSE,https://scontent-ort2-2.cdninstagram.com/vp/4859c80d05907cfdd91ca5e443c89f45/5D72D057/t51.2885-19/s150x150/57088329_862792707397030_5435935524369989632_n.jpg?_nc_ht=scontent-ort2-2.cdninstagram.com,,,,,,,,,FALSE,,
15316115,pixelpancho,PixelPancho,https://www.instagram.com/pixelpancho,FALSE,FALSE,TRUE,FALSE,https://scontent-ort2-2.cdninstagram.com/vp/d03ccd9e53626b12e82af69ceedbacf6/5D6E1DAA/t51.2885-19/s150x150/21820091_287417268329702_6483024885864988672_n.jpg?_nc_ht=scontent-ort2-2.cdninstagram.com,,,,,,,,,TRUE,,
18943463,stikki_peaches,stikki_peaches,https://www.instagram.com/stikki_peaches,FALSE,FALSE,TRUE,FALSE,https://scontent-ort2-2.cdninstagram.com/vp/ce29373c93522f88edbfcf35a71b8a3b/5D61BB3C/t51.2885-19/s150x150/46614220_317138719133077_4821852464871374848_n.jpg?_nc_ht=scontent-ort2-2.cdninstagram.com,,,,,,,,,FALSE,,
22743228,scopeartshow,SCOPE Art Show,https://www.instagram.com/scopeartshow,FALSE,FALSE,TRUE,FALSE,https://scontent-ort2-2.cdninstagram.com/vp/7e262b2c2812193be6d6d147f243ef6f/5D5F4226/t51.2885-19/11856745_776664875779705_547794519_a.jpg?_nc_ht=scontent-ort2-2.cdninstagram.com,,,,,,,,,FALSE,,
320565281,pyramidoracle,Sirus Fountain,https://www.instagram.com/pyramidoracle,FALSE,FALSE,TRUE,FALSE,https://scontent-ort2-2.cdninstagram.com/vp/1872e6dea446874175b9fb9e09e50599/5D50B1C3/t51.2885-19/11190128_665695853575820_1331415575_a.jpg?_nc_ht=scontent-ort2-2.cdninstagram.com,,,,,,,,,FALSE,,
18479035,elsol25,elsol25,https://www.instagram.com/elsol25,FALSE,FALSE,TRUE,FALSE,https://scontent-ort2-2.cdninstagram.com/vp/124d0154579baa255b35a951f126ba50/5D59428B/t51.2885-19/s150x150/29415469_424873404619338_4234431772072345600_n.jpg?_nc_ht=scontent-ort2-2.cdninstagram.com,,,,,,,,,FALSE,,
502814958,street_art_and_graffiti,StreetArtAndGraffiti.com,https://www.instagram.com/street_art_and_graffiti,FALSE,FALSE,TRUE,FALSE,https://scontent-ort2-2.cdninstagram.com/vp/88bf3686d0ac4919cbaceff8ee018da4/5D6AF3E3/t51.2885-19/s150x150/23823266_1943785168970909_8985447500244582400_n.jpg?_nc_ht=scontent-ort2-2.cdninstagram.com,,,,,,,,,FALSE,,
268193584,museelouvre,Musée du Louvre,https://www.instagram.com/museelouvre,FALSE,FALSE,TRUE,FALSE,https://scontent-ort2-2.cdninstagram.com/vp/85f92f441d87bdd0b3ad1ba3c3190b58/5D6EA1CE/t51.2885-19/s150x150/23279977_2006212239623881_1538274598993264640_n.jpg?_nc_ht=scontent-ort2-2.cdninstagram.com,,,,,,,,,TRUE,,
17596507,bam_brooklyn,BAM,https://www.instagram.com/bam_brooklyn,FALSE,FALSE,TRUE,FALSE,https://scontent-ort2-2.cdninstagram.com/vp/a8f3abd47cce5281a72c3e94d63a7434/5D72BB38/t51.2885-19/s150x150/36942215_1126742530816229_3954356757131689984_n.jpg?_nc_ht=scontent-ort2-2.cdninstagram.com,,,,,,,,,TRUE,,
8300815,themuseumofmodernart,MoMA The Museum of Modern Art,https://www.instagram.com/themuseumofmodernart,FALSE,FALSE,TRUE,FALSE,https://scontent-ort2-2.cdninstagram.com/vp/a3ef13ae374b38e05e8e0980ac978fcd/5D5220D1/t51.2885-19/s150x150/18812484_1806703202980219_1585194629916000256_a.jpg?_nc_ht=scontent-ort2-2.cdninstagram.com,,,,,,,,,TRUE,,
253957554,damirdomaofficial,Damir Doma,https://www.instagram.com/damirdomaofficial,FALSE,FALSE,TRUE,FALSE,https://scontent-ort2-2.cdninstagram.com/vp/c6b2842b0ce8011f77c9ab04c2fc227b/5D619871/t51.2885-19/s150x150/16123708_955586514571455_5575491235293954048_n.jpg?_nc_ht=scontent-ort2-2.cdninstagram.com,,,,,,,,,TRUE,,
55316675,bmarmar,Brandon,https://www.instagram.com/bmarmar,FALSE,FALSE,TRUE,FALSE,https://scontent-ort2-2.cdninstagram.com/vp/66fc89a09e5843ee37679c8d1acb2efb/5D588D59/t51.2885-19/s150x150/17266270_168740700306713_2725446414791344128_a.jpg?_nc_ht=scontent-ort2-2.cdninstagram.com,,,,,,,,,FALSE,,
16000708,robbreport,Robb Report,https://www.instagram.com/robbreport,FALSE,FALSE,TRUE,FALSE,https://scontent-ort2-2.cdninstagram.com/vp/e417acac854fc9035609ff22c7bd6269/5D535129/t51.2885-19/s150x150/18809579_904104593071602_8867527395016441856_a.jpg?_nc_ht=scontent-ort2-2.cdninstagram.com,,,,,,,,,TRUE,,
597316118,rickowensonline,RICK OWENS ONLINE,https://www.instagram.com/rickowensonline,FALSE,FALSE,TRUE,FALSE,https://scontent-ort2-2.cdninstagram.com/vp/3153b083812d1d3d737ec35dafb77926/5D721579/t51.2885-19/11328251_1623450917929167_1427476029_a.jpg?_nc_ht=scontent-ort2-2.cdninstagram.com,,,,,,,,,TRUE,,
304662892,prada,Prada,https://www.instagram.com/prada,FALSE,FALSE,TRUE,FALSE,https://scontent-ort2-2.cdninstagram.com/vp/b8bad0d758046212e475ca1f101b1af1/5D692F61/t51.2885-19/s150x150/14359996_1495091150508318_322898428_a.jpg?_nc_ht=scontent-ort2-2.cdninstagram.com,,,,,,,,,TRUE,,
6157544,chueyquintanar,"""Chuey Quintanar""",https://www.instagram.com/chueyquintanar,FALSE,FALSE,TRUE,FALSE,https://scontent-ort2-2.cdninstagram.com/vp/824732e428192ea3948d5c993d625b12/5D6B681F/t51.2885-19/s150x150/29095141_360323507704750_3797119189836103680_n.jpg?_nc_ht=scontent-ort2-2.cdninstagram.com,,,,,,,,,FALSE,,
564287810,banksy,Banksy,https://www.instagram.com/banksy,FALSE,FALSE,TRUE,FALSE,https://scontent-ort2-2.cdninstagram.com/vp/adf57816feeeae40eae60b4b2a79a0fd/5D601AA2/t51.2885-19/11875582_661952043941724_1057396957_a.jpg?_nc_ht=scontent-ort2-2.cdninstagram.com,,,,,,,,,TRUE,,
12864526,gq,GQ,https://www.instagram.com/gq,FALSE,FALSE,TRUE,FALSE,https://scontent-ort2-2.cdninstagram.com/vp/745479c3f18a2176b122c1c780c5f3fd/5D50AE48/t51.2885-19/s150x150/50822479_2022824311149443_3960920343333306368_n.jpg?_nc_ht=scontent-ort2-2.cdninstagram.com,,,,,,,,,TRUE,,
11680438,bak2basi6,SINCERE,https://www.instagram.com/bak2basi6,FALSE,FALSE,TRUE,FALSE,https://scontent-ort2-2.cdninstagram.com/vp/f56fa0469d7a5ce00beea3a9a8626bb5/5D7440EF/t51.2885-19/s150x150/32135503_367645937062918_5749259775229558784_n.jpg?_nc_ht=scontent-ort2-2.cdninstagram.com,,,,,,,,,FALSE,,
1969488,chadveach,Chad Veach,https://www.instagram.com/chadveach,FALSE,FALSE,TRUE,FALSE,https://scontent-ort2-2.cdninstagram.com/vp/6960b24e44591e9640adf56d97d797c3/5D56D324/t51.2885-19/s150x150/51528426_1962329717409692_8714482965637234688_n.jpg?_nc_ht=scontent-ort2-2.cdninstagram.com,,,,,,,,,TRUE,,
29385029,canwegrabcoffee,A S H,https://www.instagram.com/canwegrabcoffee,FALSE,FALSE,TRUE,FALSE,https://scontent-ort2-2.cdninstagram.com/vp/e996f61b21062127566377d7363ae80d/5D55976A/t51.2885-19/s150x150/35000970_155297215333997_7952746657148305408_n.jpg?_nc_ht=scontent-ort2-2.cdninstagram.com,,,,,,,,,FALSE,,
40123952,samir4gtg,Samir Hernandez,https://www.instagram.com/samir4gtg,FALSE,FALSE,TRUE,FALSE,https://scontent-ort2-2.cdninstagram.com/vp/6069671f964c9fd08d32281f42bc4d38/5D604F3A/t51.2885-19/s150x150/29089810_181231986007617_7878447764491730944_n.jpg?_nc_ht=scontent-ort2-2.cdninstagram.com,,,,,,,,,FALSE,,
9913970,5kendallbrown,Kendall Brown,https://www.instagram.com/5kendallbrown,FALSE,FALSE,TRUE,FALSE,https://scontent-ort2-2.cdninstagram.com/vp/5494b1f274ab5a38c7de03c2964577b0/5D6662BB/t51.2885-19/s150x150/45426937_601736433596433_8563326187269521408_n.jpg?_nc_ht=scontent-ort2-2.cdninstagram.com,,,,,,,,,FALSE,,
11211605,traceeellisross,Tracee Ellis Ross,https://www.instagram.com/traceeellisross,FALSE,FALSE,TRUE,FALSE,https://scontent-ort2-2.cdninstagram.com/vp/65114bc9efde5e71d7209d6e8596a991/5D5B3FD0/t51.2885-19/s150x150/41318627_2024297740967431_510496720426106880_n.jpg?_nc_ht=scontent-ort2-2.cdninstagram.com,,,,,,,,,TRUE,,
1523144,lauralentz,Laura,https://www.instagram.com/lauralentz,FALSE,FALSE,TRUE,FALSE,https://scontent-ort2-2.cdninstagram.com/vp/839dcf7a71b5243e05dd27f985d30021/5D595178/t51.2885-19/11375182_1628805724065735_615839893_a.jpg?_nc_ht=scontent-ort2-2.cdninstagram.com,,,,,,,,,FALSE,,
24032988,joetermini,Joe Termini,https://www.instagram.com/joetermini,FALSE,FALSE,TRUE,FALSE,https://scontent-ort2-2.cdninstagram.com/vp/ea1b9c5cb803b1ae925a460b0c62d741/5D5BE172/t51.2885-19/s150x150/29096313_2156893514540504_6299289045390327808_n.jpg?_nc_ht=scontent-ort2-2.cdninstagram.com,,,,,,,,,FALSE,,
54555387,johntermini,John Termini,https://www.instagram.com/johntermini,FALSE,FALSE,TRUE,FALSE,https://scontent-ort2-2.cdninstagram.com/vp/62c664147a91982d50c60450846f6c4c/5D67C17A/t51.2885-19/10424430_1498383970395849_820761183_a.jpg?_nc_ht=scontent-ort2-2.cdninstagram.com,,,,,,,,,FALSE,,
1061899,joelhouston,Joel Houston,https://www.instagram.com/joelhouston,FALSE,FALSE,TRUE,FALSE,https://scontent-ort2-2.cdninstagram.com/vp/1a2ea0974dfb4e62f0668d4a514f91ad/5D5F3F4A/t51.2885-19/10756016_600404700093542_1524742655_a.jpg?_nc_ht=scontent-ort2-2.cdninstagram.com,,,,,,,,,TRUE,,
15539835,cynthiarowley,Cynthia Rowley,https://www.instagram.com/cynthiarowley,FALSE,FALSE,TRUE,FALSE,https://scontent-ort2-2.cdninstagram.com/vp/a6c44f4f7ff19007177fef0e7d5d2c14/5D572E79/t51.2885-19/s150x150/47582029_922577541465250_6955472280562434048_n.jpg?_nc_ht=scontent-ort2-2.cdninstagram.com,,,,,,,,,TRUE,,
2476532,carllentz,Carl Lentz,https://www.instagram.com/carllentz,FALSE,FALSE,TRUE,FALSE,https://scontent-ort2-2.cdninstagram.com/vp/bef8c1fd151ced5c8c06f67591956732/5D62ADFC/t51.2885-19/s150x150/12346154_192536361091778_665383914_a.jpg?_nc_ht=scontent-ort2-2.cdninstagram.com,,,,,,,,,TRUE,,
647793077,kimberlyjchandler,Its All About The Journey,https://www.instagram.com/kimberlyjchandler,FALSE,FALSE,TRUE,FALSE,https://scontent-ort2-2.cdninstagram.com/vp/9d35134d0a71965dc486338e5e942358/5D65BE67/t51.2885-19/11809924_144495785892009_24479104_a.jpg?_nc_ht=scontent-ort2-2.cdninstagram.com,,,,,,,,,TRUE,,